Country,School.Closing.0.C,School.Closing.1.C,School.Closing.2.C,Workplace.Closing.0.C,Workplace.Closing.1.C,Workplace.Closing.2.C,Cancel.Public.Events.0.C,Cancel.Public.Events.1.C,Restrictions.on.Gatherings.0.C,Restrictions.on.Gatherings.1.C,Restrictions.on.Gatherings.2.C,Restrictions.on.Gatherings.3.C,Close.Public.Transport.0.C,Close.Public.Transport.1.C,Stay.at.Home.0.C,Stay.at.Home.1.C,Stay.at.Home.2.C,Restrictions.on.Internal.Movement.0.C,Restrictions.on.Internal.Movement.1.C,International.Travel.Controls.1.C,International.Travel.Controls.2.C,International.Travel.Controls.3.C,Income.Support.0.E,Income.Support.1.E,Public.Information.Campaigns.1.H,Testing.Policy.1.H,Testing.Policy.2.H,Facial.Coverings.0.H,Facial.Coverings.1.H,Facial.Coverings.2.H,Facial.Coverings.3.H,Vaccination.Policy.0.H,Temperature,GDP,Human.Development.Index,Diabetes.Prevalence,Cardiovascular.Diseases,Respiratory.Cancer,Life.Expectancy,Air.Pollution,AIDS.Prevalence,Chronic.Respiratory.Diseases.Rate,Blood.Pressure,Population.Density,Smoking.Prevalence,Alcohol.Consumption,Obesity.Rate,Gender.Ratio,Total.Test,People.Vaccinated,People.Fully.Vaccinated,Age.0.14,Age.15.64,Age.over.65,Total.Cancer,Emergency.Investment.in.Healthcare.H,Investment.in.Vaccines.H,Total.Vaccinations,MS.Prevalence,Total.Cases.Per.1m,IFR
Algeria,0,1,0,0,0,1,0,1,0,0,0,0,0,0,0,0,1,0,0,0,0,0,1,0,0,1,0,0,0,0,1,1,0.067911715,0.390230912,-0.041666667,0,0.255205199,-0.333333333,0.201932367,0.398058252,-0.255033557,0,0.014693878,-0.388684616,-0.227187058,-0.675599436,0.422360248,-0.748768473,-0.149995523,-0.033268947,0.079864219,0.339104478,-0.290996785,-0.063291139,-0.25,2.082286782,0,-0.25270545,0.199207829,-0.280063239,0.549019608
Angola,0,0,0,0,0,1,0,1,0,0,0,0,0,1,0,1,0,0,0,0,0,0,1,0,0,0,1,0,0,0,1,1,0.003395586,0.114643201,-0.75,-0.488888889,0.241244434,-0.333333333,-1.317874396,-0.265372168,2.214765101,1,0.61877551,-0.347289764,-0.739437726,0.169252468,-0.770186335,0.689655172,-0.207248502,-0.160176612,-0.201534825,1.298507463,-2.175241158,-0.430379747,-0.25,1.079859848,0,-0.225764057,-0.20305219,-0.308669738,0.437908497
Benin,0,0,1,0,1,0,0,1,0,0,0,1,1,0,1,0,0,1,0,0,1,0,0,0,0,0,1,0,0,0,1,1,0.410865874,-0.13492529,-0.875,-1.266666667,-0.000601757,-0.333333333,-1.257971014,0.326860841,1.006711409,1,0.127346939,0.11018859,-1.138134129,-0.41325811,-0.683229814,-0.137931034,-0.251417821,-0.172316529,-0.20666432,1.035223881,-1.636655949,-0.34092827,-0.25,0.26788296,0,-0.195325046,-0.202586207,-0.315852568,-0.176470588
Botswana,0,1,0,0,1,0,0,1,0,0,0,1,1,0,0,1,0,0,0,0,0,0,0,1,0,0,1,0,0,0,1,1,0,-0.121680564,-0.083333333,-0.2,0.008544951,-0.333333333,-0.502415459,-0.281553398,30.60402685,1,0.826122449,-0.470228917,0.157609549,0.119887165,-0.105590062,0.305418719,-0.114554025,-0.155684156,-0.128027156,0.530746269,-0.45659164,-0.247257384,0,0,0,-0.161598439,-0.137931034,0.062112828,-0.013071895
Burkina Faso,1,0,0,1,0,0,1,0,0,0,0,1,1,0,1,0,0,1,0,1,0,0,1,0,0,0,0,0,0,0,1,1,0.458404075,-0.129559711,-1.291666667,0.133333333,0.19918161,-0.333333333,-1.276328502,0.546925566,0.604026846,2,0.119183673,-0.06570988,-0.447070834,0.887165021,-0.931677019,-0.128078818,-0.247825567,-0.158271176,-0.204645713,1.182686567,-1.897106109,-0.412658228,-0.25,0,0,-0.213526958,-0.199091333,-0.316385328,-0.424836601
Burundi,1,0,0,1,0,0,1,0,1,0,0,0,1,0,1,0,0,1,0,0,1,0,1,0,1,1,0,0,1,0,0,1,-0.115449915,-0.173080266,-1.375,-0.355555556,0.343723673,-0.333333333,-1.276328502,0.427184466,1.422818792,1,0.631836735,2.087000356,-0.714072562,0.204513399,-0.944099379,0.522167488,-0.196350101,-0.086007287,-0.156957757,1.225671642,-1.996784566,-0.421097046,-0.25,0.00497513,0,-0.206285461,-0.200139795,-0.319598139,-0.954248366
Cameroon,0,1,0,1,0,0,0,0,0,0,0,1,1,0,1,0,0,0,1,1,0,0,1,0,0,0,1,0,0,0,1,1,0.210526316,-0.052378566,-0.833333333,-0.155555556,0.052413046,-0.333333333,-1.497584541,0.100323625,4.429530201,1,0.403265306,-0.177499703,-0.973221297,-0.012693935,-0.571428571,-0.305418719,-0.221426716,-0.171450617,-0.206387729,1.044179104,-1.575562701,-0.38649789,-0.25,0.985473235,0,-0.252616642,-0.208527493,-0.279571436,-0.032679739
Cape Verde,0,0,0,0,0,1,0,0,0,0,0,0,1,0,0,1,0,0,0,1,0,0,0,1,0,0,0,0,0,0,1,1,0.122241087,-0.176541983,-0.195416667,0.234666667,-0.323324106,-0.333333333,-0.174879227,0.330097087,1.355704698,0.21,0.481061224,0.306369351,0,-0.007461213,-0.546583851,-0.088669951,0.190565617,-0.159576475,-0.201811416,0.131098507,0.263954984,-0.094860759,0,0.171675721,6.882370964,-0.031401023,0.004077353,0.572222626,-0.45751634
Chad,0,0,1,0,0,1,0,0,0,0,0,1,1,0,0,0,1,0,0,0,1,0,1,0,0,1,0,0,0,0,0,1,0.34295416,-0.145239194,-1.5,-0.155555556,0.271091587,-0.333333333,-1.985507246,1.012944984,1.771812081,2,0.693877551,-0.420946507,-0.776896498,-0.616361072,-0.900621118,-0.315270936,-0.251302605,-0.159929355,-0.200204928,1.310447761,-2.254019293,-0.405907173,-0.25,0.695696009,0,-0.219868369,-0.20305219,-0.321715038,0.888888889
Djibouti,0,1,0,0,1,0,0,0,0,0,0,0,1,0,1,0,0,1,0,1,0,0,0,1,0,1,0,0,0,0,1,1,0.441426146,-0.172033036,-1,-0.355555556,0.13292815,-0.333333333,-0.742028986,-0.048543689,1.852348993,1,0.409795918,-0.248487724,-0.291424533,-0.748942172,-0.440993789,-0.433497537,-0.193527667,-0.168321331,-0.203697259,0.258507463,0.237942122,-0.227004219,-0.25,0.000486505,0,-0.136081102,-0.196877912,-0.156814851,-0.058823529
Egypt,0,0,1,0,0,1,0,0,0,1,0,0,1,0,0,1,0,0,0,1,0,0,0,1,0,0,1,0,0,1,0,1,0.040747029,0.832865051,-0.208333333,2.333333333,1.741966542,-0.333333333,-0.270531401,1.773462783,-0.295302013,0,0.303673469,0.092515716,-0.023009267,-0.758815233,0.708074534,-0.807881773,-0.176158438,-0.16039952,-0.200780488,0.534925373,-0.61414791,-0.170464135,-0.25,0,0,-0.19266583,0.478797763,-0.285420253,2.732026144
Eritrea,0,0,1,0,0,0,0,0,0,0,0,0,0,0,0,0,1,0,0,0,0,0,1,0,0,0,0,0,0,1,0,1,0.271646859,-0.176508451,-1.25,-0.355555556,0.45228066,-0.333333333,-0.818357488,0.28802589,0.604026846,1,-0.453877551,-0.291068675,-1.138134129,-0.606488011,-0.968944099,-0.183546798,-0.256519263,-0.068955933,-0.102759869,0.923170149,-1.33914791,-0.338767932,0,0,0,-0.098062641,-0.178588071,-0.306139373,-0.810457516
Ethiopia,0,1,0,0,1,0,0,1,0,0,0,1,0,0,1,0,0,0,0,0,1,0,1,0,0,1,0,0,0,0,1,1,0.0475382,0.138441133,-1.166666667,-0.533333333,-0.320856902,-0.333333333,-0.791304348,0.297734628,0.912751678,1,0.318367347,0.079765152,-1.342311921,-0.476727786,-1,-0.187192118,-0.262392361,-0.130049726,-0.199603219,0.92358209,-1.376205788,-0.318987342,-0.25,0.003663066,0,-0.062020771,-0.208527493,-0.287719019,-0.013071895
Gabon,0,1,0,0,0,1,0,0,0,0,0,1,0,1,0,0,1,0,0,0,0,1,0,0,0,0,0,0,0,0,1,1,0.241086587,-0.126596588,-0.25,-0.155555556,0.144542063,-0.333333333,-0.803864734,-0.187702265,4.255033557,1,0.344489796,-0.44508362,-0.501492068,0.423131171,-0.347826087,-1.60591133,-0.151224375,-0.169495885,-0.203747548,0.734925373,-0.872990354,-0.317299578,-0.25,0,0,-0.230413064,-0.164608574,-0.152983792,-0.620915033
Gambia,1,0,0,1,0,0,0,0,0,0,0,0,0,1,1,0,0,1,0,0,0,0,1,0,0,0,1,0,0,0,1,1,0.407470289,-0.177044977,-1.083333333,-1.066666667,0.574557709,-0.333333333,-1.230917874,0.889967638,1.879194631,1,0.928979592,0.842367453,-0.572718706,-0.308885755,-0.639751553,0.236453202,-0.255952722,-0.164703361,-0.206035705,1.149850746,-1.832797428,-0.4,-0.5,0,0,-0.209336155,-0.197693383,-0.286052316,0.928104575
Ghana,0,0,1,0,1,0,0,0,0,0,0,1,1,0,1,0,0,1,0,1,0,0,1,0,0,0,0,0,0,0,0,1,0.387096774,0.041433984,-0.625,-0.933333333,0.374894693,-0.333333333,-1.035748792,0.27184466,1.865771812,1,-0.251428571,0.281995018,-1.412988849,-0.421720733,-0.602484472,-0.088669951,-0.255860989,-0.147822359,-0.203621825,0.745671642,-0.831189711,-0.35443038,-0.25,0,0,-0.223746662,-0.196877912,-0.279666026,-0.45751634
Guinea,0,1,0,0,0,1,0,0,0,0,0,1,1,0,0,0,1,0,0,1,0,0,1,0,0,0,1,0,0,0,0,1,0.285229202,-0.141947224,-1.166666667,-0.955555556,0.606390661,-0.333333333,-1.274396135,0.987055016,1.677852349,2,1.105306122,-0.194223698,-0.859274384,-0.65303244,-0.801242236,-0.39408867,-0.248541082,-0.139223251,-0.17269399,1.109253731,-1.784565916,-0.367932489,-0.25,0.007449895,0,-0.227105546,-0.200139795,-0.300313472,-0.549019608
Kenya,0,0,0,0,1,0,0,0,0,0,0,1,0,1,0,0,1,0,1,1,0,0,0,1,0,1,0,0,0,0,1,1,0.220713073,0.137067954,-0.666666667,-0.8,-0.104164159,-0.333333333,-0.781642512,-0.03236246,7.288590604,1,0.535510204,0.041691377,-0.776896498,-0.417489422,-0.838509317,0.039408867,-0.286774926,-0.141443759,-0.20666432,0.854925373,-1.017684887,-0.411814346,-0.25,0,0,-0.226331471,-0.208527493,-0.274379385,0.209150327
Lesotho,0,0,1,0,1,0,0,0,0,0,0,1,0,1,0,1,0,0,1,0,0,0,1,0,0,1,0,0,0,0,0,1,-0.655348048,-0.175212979,-0.958333333,-0.488888889,1.018052714,0,-1.976811594,0.061488673,31.77181208,1,0.37877551,-0.08201874,0.628789069,-0.162200282,-0.248447205,1.172413793,-0.132975062,-0.168904321,-0.206639175,0.453731343,-0.337620579,-0.2,-0.25,0,0,0.558230866,-0.115447344,-0.244032071,0.947712418
Liberia,1,0,0,0,0,1,0,1,0,0,0,1,0,1,1,0,0,1,0,1,0,0,1,0,0,1,0,0,0,0,1,1,0.258064516,-0.172885161,-1.166666667,-0.955555556,0.220002407,-0.333333333,-1.032850242,0.268608414,1.22147651,1,0.667755102,-0.197129641,-1.043898225,0.053596615,-0.664596273,-0.699507389,-0.206264393,-0.16816701,-0.205326628,0.948059701,-1.406752412,-0.338396624,-0.25,0,0,-0.236212503,-0.189771668,-0.319696792,1.098039216
Libya,0,0,0,0,0,1,0,0,0,0,0,0,0,0,0,0,1,0,0,0,0,1,1,0,0,1,0,0,0,0,1,1,0.020373514,-0.008504811,-0.166666667,0.777777778,0.637320977,0,-0.181642512,0.724919094,-0.268456376,0,0.90122449,-0.471296406,0.251766923,-0.806770099,0.739130435,-0.660098522,-0.078670007,-0.168098422,-0.053803118,0.191044776,0.443729904,-0.239662447,0.25,5.000694085,1.449143349,0,-0.033783784,0.115797553,0.078431373
Madagascar,0,1,0,1,0,0,0,0,0,0,1,0,1,0,1,0,0,0,0,0,0,0,0,1,0,1,0,0,0,0,0,1,0.078098472,-0.135851059,-0.958333333,-0.488888889,1.023227825,-0.333333333,-0.748792271,1.129449838,0.013422819,1,0.67755102,-0.226129759,0.565965133,-0.531734838,-0.950310559,-0.128078818,-0.299012075,-0.172196502,-0.182425698,0.925373134,-1.305466238,-0.359493671,-0.25,0,0,-0.080238045,-0.18359739,-0.301923778,0.333333333
Malawi,0,0,0,0,0,1,0,0,0,0,0,1,1,0,1,0,0,1,0,0,0,0,1,0,0,0,1,0,0,0,1,1,0.027164686,-0.15747282,-1.166666667,-0.488888889,-0.051751113,-0.333333333,-1.017391304,0.045307443,11.69127517,1,1.275102041,0.647432096,-0.698366578,-0.297602257,-0.919254658,0.197044335,-0.300131215,-0.112894376,-0.198207946,1.110447761,-1.739549839,-0.393248945,-0.25,2.723031625,0,-0.206386751,-0.201887232,-0.297085058,1.176470588
Mali,0,1,0,0,1,0,0,0,0,0,0,1,1,0,1,0,0,1,0,1,0,0,1,0,0,1,0,0,0,0,1,1,0.458404075,-0.125238116,-1.375,-0.955555556,0.192983512,-0.333333333,-1.495652174,-0.145631068,1.127516779,2,0.179591837,-0.40107935,-0.761190514,-0.629055007,-0.745341615,-0.295566502,-0.236711777,-0.17079904,-0.205583103,1.339104478,-2.332797428,-0.405063291,-0.25,0,0,-0.216353951,-0.202003728,-0.315361415,1.281045752
Mauritania,0,1,0,0,1,0,0,0,1,0,0,0,1,0,1,0,0,1,0,1,0,0,1,0,0,1,0,0,0,0,1,1,0.417657046,-0.157694297,-0.875,0.088888889,-0.021663257,-0.333333333,-0.953623188,0.527508091,-0.255033557,1,0.613877551,-0.468509074,-0.402701429,-0.803949224,-0.49068323,-0.650246305,-0.296571984,-0.170233196,-0.205281368,0.896716418,-1.247588424,-0.349367089,-0.25,0,0,-0.180596988,-0.100535881,-0.257123203,0.516339869
Mauritius,1,0,0,1,0,0,1,0,1,0,0,0,1,0,1,0,0,1,0,0,0,0,0,0,0,0,0,0,0,0,1,1,0.061120543,-0.136073049,0.166666667,3.4,-0.068058731,-0.333333333,0.019323671,0.216828479,0.402684564,0,0.422857143,3.202645001,0.408905293,-0.196050776,-0.608695652,0.275862069,-0.147207582,-0.134302126,-0.171738496,-0.454328358,0.969453376,0.396624473,0.25,2.804167307,0,0.021871866,0,-0.312332258,-0.54248366
Morocco,0,1,0,0,0,1,0,0,0,0,0,1,0,1,0,0,1,0,0,0,0,1,0,1,0,0,1,0,0,0,1,1,-0.298811545,0.219213176,-0.291666667,0.066666667,1.102419064,-0.333333333,0.182608696,0.737864078,-0.228187919,0,0.035918367,-0.015063456,-0.54915973,-0.712270804,0.341614907,0.206896552,-0.017245757,0.745516118,1.532611516,0.125373134,0.163987138,0,-0.25,0,0,2.378548847,0.024464119,-0.099580561,0.124183007
Mozambique,0,0,1,0,0,1,0,0,0,0,0,1,0,1,0,1,0,1,0,1,0,0,1,0,0,1,0,0,0,0,1,1,0.156196944,-0.131904852,-1.25,-0.755555556,0.565591527,-0.333333333,-1.346859903,-0.323624595,15.77181208,1,1.164081633,-0.271379433,-0.572718706,-0.485190409,-0.832298137,0.886699507,-0.274134153,-0.169633059,-0.204979633,1.164179104,-1.922829582,-0.372995781,-0.25,0,0,-0.202440531,-0.203634669,-0.289340702,-0.248366013
Namibia,0,1,0,0,1,0,0,1,0,0,0,1,1,0,0,1,0,1,0,1,0,0,1,0,0,1,0,0,0,0,1,1,-0.105263158,-0.141712953,-0.458333333,-0.488888889,0.04729811,-0.333333333,-1.070531401,-0.187702265,18.08053691,1,0.249795918,-0.476218717,-0.297863986,-0.043723554,-0.211180124,1.073891626,-0.00579751,-0.116006516,-0.191502137,0.71880597,-0.839228296,-0.311392405,-0.25,0,0.255824669,-0.238189093,-0.185228332,0.045001619,0
Niger,0,1,0,1,0,0,1,0,1,0,0,0,1,0,1,0,0,1,0,0,1,0,1,0,0,1,0,0,0,0,1,1,0.383701188,-0.13988487,-1.541666667,-0.955555556,0.014381995,-0.333333333,-1.195169082,0.741100324,0.161073826,2,1.451428571,-0.388743921,-1.028192241,-0.715091678,-0.937888199,-0.39408867,-0.225242064,-0.17127915,-0.206463163,1.490746269,-2.757234727,-0.396624473,-0.25,1.270016414,0,-0.209694029,-0.208527493,-0.323171269,1.045751634
Nigeria,0,0,0,0,1,0,0,1,0,0,0,1,1,0,0,0,1,0,1,0,1,0,1,0,0,1,0,0,0,0,1,1,0.359932088,1.319091946,-0.916666667,-0.8,-0.330605368,-0.333333333,-1.942028986,0.184466019,3.718120805,2,-0.388571429,0.781579884,-1.326605937,0.71932299,-0.726708075,-0.916256158,-0.299323966,-0.141460905,-0.20606085,1.12358209,-1.790996785,-0.384810127,0,0,0,0.013864695,-0.196877912,-0.31347904,-0.22875817
Rwanda,0,0,0,0,0,1,0,0,0,0,0,1,1,0,0,0,1,0,0,0,1,0,0,1,0,0,0,0,0,0,1,1,-0.247877759,-0.148460141,-0.916666667,-0.355555556,-0.268203153,-0.333333333,-0.557487923,0.472491909,3.248322148,1,0.18122449,2.463468153,-0.659101618,0.452750353,-0.919254658,0.689655172,-0.166494943,-0.122908093,-0.205708826,0.889552239,-1.205787781,-0.360337553,-0.25,0,0,-0.186879833,-0.192101584,-0.292463311,-0.150326797
Senegal,0,0,1,1,0,0,0,0,0,0,1,0,1,0,1,0,0,1,0,0,0,1,0,1,0,0,1,0,0,0,1,1,0.431239389,-0.104117367,-1.041666667,-0.955555556,0.031712601,-0.333333333,-0.661835749,0.760517799,0.429530201,1,0.605714286,-0.005456055,-0.988927281,-0.702397743,-0.732919255,0.600985222,-0.249439696,-0.075737311,-0.202515464,1.072835821,-1.71221865,-0.35443038,-0.25,0,0.596194136,-0.172490927,-0.192334576,-0.287776065,0.836601307
Seychelles,0,1,0,1,0,0,0,0,0,0,0,0,1,0,1,0,0,1,0,0,0,1,0,0,0,0,1,0,1,0,0,1,0.383701188,-0.177469545,0.166666667,1.244444444,0.040317728,0,-0.134299517,-0.391585761,-0.174496644,0,0.631836735,0.753647254,-0.046568243,2.08180536,-0.409937888,0.45320197,-0.030602229,2.114969136,3.28521398,-0.067462687,0.602893891,0.043037975,0.75,0,0,-0.242740171,0.051258155,1.681277388,-0.790849673
Sierra Leone,0,1,0,1,0,0,0,1,0,0,1,0,0,1,1,0,0,1,0,1,0,0,1,0,0,0,1,0,0,0,1,1,0.308998302,-0.169360132,-1.291666667,-0.955555556,0.540197376,-0.333333333,-1.941062802,0.624595469,1.22147651,2,0.8,0.134740837,-0.148657138,-0.005641749,-0.739130435,0.216748768,-0.207402613,-0.16616941,-0.205306512,0.946268657,-1.347266881,-0.367088608,-0.25,0.033469105,0,-0.250797027,-0.198625349,-0.318405199,0
Somalia,0,1,0,1,0,0,0,1,1,0,0,0,1,0,0,1,0,1,0,1,0,0,1,0,0,0,1,0,0,1,0,1,0.376910017,-0.166616248,-1.1325,-0.355555556,0.781201107,-0.333333333,-1.680193237,0.595469256,0.093959732,2,0.804897959,-0.351974855,-0.454531176,-0.808180536,-0.763975155,-0.068965517,-0.220365184,-0.167069616,-0.206438019,1.284179104,-2.247588424,-0.372151899,-0.25,0,0,-0.252622162,-0.18417987,-0.312383454,2.45751634
Sudan,0,0,0,0,0,1,0,0,0,0,0,1,1,0,1,0,0,1,0,0,0,1,0,1,0,1,0,1,0,0,0,1,0.36672326,-0.080861061,-1.041666667,3.422222222,1.176074136,-0.333333333,-0.915942029,0.650485437,0.187919463,1,0.494693878,-0.359803108,-0.581042877,-0.737658674,-0.745341615,-0.236453202,-0.205815269,-0.170464678,-0.206211717,0.912835821,-1.364951768,-0.309704641,-0.5,0,0,-0.247740572,-0.208527493,-0.313598822,3.928104575
Togo,0,0,1,0,0,1,0,0,0,0,0,1,1,0,0,1,0,0,0,0,1,0,0,1,0,0,1,0,0,0,1,1,0.383701188,-0.164771026,-1,-0.955555556,0.265254543,-0.333333333,-1.328502415,0.28802589,2.67114094,1,0.267755102,0.366385957,-1.106722161,-0.462623413,-0.757763975,-0.108374384,-0.233221346,-0.1656893,-0.205407091,0.962985075,-1.382636656,-0.372151899,-0.25,0.008965682,0,-0.216815515,-0.202935694,-0.300072121,-0.464052288
Tunisia,0,0,1,0,1,0,0,0,0,0,0,0,1,0,0,0,1,1,0,0,0,1,0,1,0,1,0,0,0,0,0,1,-0.156196944,-0.053084993,-0.083333333,0.4,0.499699121,0,0.184541063,0.660194175,-0.241610738,0,-0.251428571,-0.052366267,0.338228365,-0.510578279,0.391304348,0.334975369,-0.268868693,-0.03587963,-0.057682675,-0.038208955,0.397106109,0.108860759,0,0,0,-0.043860863,0.024464119,0.158841711,1.37254902
Uganda,0,0,1,0,0,1,0,0,0,0,0,0,0,1,0,0,1,0,0,1,0,0,1,0,0,1,0,0,0,0,0,1,0.088285229,-0.065262564,-0.916666667,-0.933333333,-0.136117463,-0.333333333,-1.103381643,-0.25566343,7.167785235,1,0.253061224,0.769718895,-0.933956337,1.318758815,-0.950310559,0,-0.275271639,-0.139429012,-0.206614031,1.291343284,-2.117363344,-0.450632911,-0.25,0,0.770165273,-0.136667718,-0.200139795,-0.307933496,-0.54248366
Zambia,0,0,1,0,0,1,0,1,0,0,0,0,1,0,1,0,0,1,0,1,0,0,1,0,0,1,0,0,0,0,1,1,-0.006791171,-0.105017089,-0.75,-0.488888889,-0.008725478,-0.333333333,-1.053140097,-0.207119741,14.30872483,1,0.857142857,-0.355414542,-0.54915973,0.112834979,-0.776397516,0.118226601,-0.154514646,-0.161085391,-0.20606085,1.169552239,-1.81511254,-0.437130802,-0.25,0.000470527,0,-0.235750458,-0.208527493,-0.238639139,-0.163398693
Zimbabwe,0,0,1,0,1,0,0,0,0,0,0,1,0,1,0,0,1,0,0,0,0,0,0,1,0,1,0,0,0,0,1,1,-0.033955857,-0.111284436,-0.791666667,-1.088888889,0.432663377,-0.333333333,-1.285024155,0.333333333,18.02684564,1,0.37877551,-0.272506227,-0.611983666,-0.150916784,-0.316770186,1.014778325,-0.238156568,-0.008041838,-0.054514458,1.032238806,-1.583601286,-0.364556962,0,0,16.66160787,-0.001362851,-0.169035415,-0.283458241,1.653594771
Afghanistan,0,1,0,1,0,0,1,0,1,0,0,0,1,0,1,0,0,1,0,1,0,0,1,0,1,0,0,0,0,0,1,1,-0.604414261,-0.11849285,-1.041666667,0.555555556,2.172824648,-0.333333333,-0.962318841,1.572815534,-0.268456376,1,0,-0.156149923,0.069970159,-0.779971791,-0.937888199,-1.763546798,0.130854201,-0.164248971,-0.202012572,1.050746269,-1.575562701,-0.394936709,-0.25,0.126970449,17.45118516,-0.252026425,0.0722274,-0.295773475,1.647058824
Azerbaijan,0,0,0,0,0,1,0,0,0,0,0,0,0,0,0,1,0,0,0,0,0,0,0,0,0,0,1,0,0,0,1,1,-0.648556876,-0.022063852,0,-0.133333333,1.948850644,0,-0.17294686,0.569579288,-0.241610738,0,0.395102041,0.219368995,-0.164363122,-0.187588152,-0.043478261,-0.068965517,-0.248448983,0.383753429,0.746114156,-0.085373134,0.868167203,-0.071729958,0,1.388515085,0,0.129508069,0.109739049,0.205856375,-0.052287582
Bahrain,0,1,0,0,0,1,0,0,0,0,0,0,1,0,0,1,0,0,1,0,0,1,0,0,0,0,0,0,0,0,1,1,0.383701188,-0.053831496,0.375,1.977777778,-0.507040558,-0.333333333,0.241545894,1.809061489,-0.281879195,0,-0.408163265,11.43891591,0.267551437,-0.655853315,0.571428571,-12.79802956,3.732073586,3.333307613,6.000175006,-0.367164179,2.258842444,-0.403375527,0,0,0,0.072986947,0.880475303,2.004791912,-0.732026144
Bangladesh,0,0,0,0,0,0,0,0,0,0,0,0,0,0,0,0,1,0,0,0,0,1,1,0,0,0,1,0,0,0,0,1,0.237691002,0.832865051,-0.541666667,0.555555556,0.3733903,0,-0.212560386,2.326860841,-0.295302013,0,-1.056326531,6.857490215,1.366970316,-0.806770099,-1.055900621,-0.679802956,-0.240248075,0,-0.041841589,0.139701493,0.466237942,-0.178902954,-0.5,0,0,0.726899906,-0.068150047,-0.248024844,0.013071895
Bhutan,0,0,0,0,0,1,0,0,0,0,0,1,0,1,0,1,0,0,0,0,0,1,0,1,0,0,1,0,0,0,0,1,-0.957555178,-0.17469584,-0.458333333,0.8,-0.113611746,-0.333333333,-0.290821256,0.957928803,-0.067114094,1,0.199183673,-0.376527102,0.161850165,-0.748942172,-0.881987578,-3.280788177,1.319575622,2.780684156,2.118107367,0.028059701,0.620578778,-0.102109705,-0.5,0,0,-0.136990069,0.1416589,-0.291052261,-0.980392157
Brunei,0,1,0,0,1,0,0,1,0,0,1,0,1,0,1,0,0,1,0,0,0,0,1,0,0,0,0,0,0,1,0,1,0.363327674,-0.137912095,0.333333333,1.466666667,-0.208629197,0.666666667,0.103381643,-1.245954693,-0.10738255,0,-0.545306122,-0.011090025,-0.486335794,-0.741889986,-0.403726708,-1.704433498,0.252943521,-0.039660494,-0.133141564,-0.134328358,1.199356913,-0.176371308,0.75,0,0,-0.243209416,-0.066868593,-0.32242235,0.248366013
Cambodia,0,0,0,0,0,1,0,0,0,0,1,0,1,0,0,1,0,1,0,0,1,0,0,0,0,1,0,0,0,1,0,1,0.359932088,-0.092342945,-0.708333333,-0.066666667,0.210253942,0,-0.480193237,1.265372168,0.429530201,1,-0.780408163,0.052129048,0.008402701,0.126939351,-1.037267081,0.935960591,-0.298993728,0.390895062,0.742945939,0.371940299,-0.085209003,-0.217721519,-0.25,0.542742057,0,0.851669199,-0.157036347,-0.293692169,-0.529411765
China,0,0,0,0,0,1,0,0,0,0,0,0,0,0,0,0,0,0,0,0,0,1,0,1,0,0,0,0,0,1,0,1,-0.98811545,47.76885023,0,0.555555556,0.156155975,1.666666667,0.204830918,1.699029126,-0.241610738,0,-0.331428571,0.382516902,0.236139469,0.184767278,-0.894409938,-1.763546798,0.560563246,0.375607425,0.399942167,-0.422089552,0.966237942,0.351898734,0.25,0,0,159.1281525,-0.173578751,-0.326154919,-0.993464052
Georgia,0,0,0,0,0,1,0,0,0,0,0,0,1,0,0,0,1,0,0,0,0,1,0,1,0,0,1,0,0,1,0,1,-1.066213922,-0.124575208,0.208333333,-0.2,1.566193284,0.333333333,-0.098550725,0.54368932,-0.026845638,0,0.826122449,-0.107164037,0.628789069,0.354019746,0.068322981,1.960591133,-0.127618603,-0.100008573,-0.174529545,-0.288955224,0.032154341,0.654852321,0.25,1.453916944,0,-0.216204896,0.140959925,1.091367074,-0.104575163
Hong Kong,0,0,1,0,0,1,0,0,0,0,0,0,0,1,0,1,0,1,0,0,0,0,0,1,0,0,0,0,0,1,0,1,-0.084685908,1.044122253,0.791666667,-0.488888889,-0.589108798,0.743333333,0.97294686,-0.038673139,-0.071006711,0.01,-0.945306122,41.59008421,0.198052458,-0.049746121,-0.791677019,3.694581281,0.360768948,0.623722565,1.047874277,-0.748656716,0.879421222,0.860759494,0.575,0.624395299,0,0.358692695,-0.196877912,-0.302827422,0.22875817
India,0,0,0,0,0,1,0,0,0,0,0,0,0,0,0,0,1,0,0,0,0,1,1,0,0,0,1,0,0,0,0,1,0.146010187,9.440757739,-0.5,0.822222222,0.278794079,-0.333333333,-0.495652174,1.902912621,-0.026845638,1,-0.004897959,2.204186929,0.416758285,-0.028208745,-1.037267081,-2.049261084,0.155908983,0.376020233,0.147647976,0.104477612,0.368167203,-0.077637131,-0.25,2.38987418,20.05598366,50.44983667,-0.080382106,0.012169285,-0.235294118
Indonesia,0,0,1,0,0,1,0,0,0,0,0,0,0,1,0,0,1,0,0,0,0,1,0,1,0,1,0,0,0,0,0,1,0.295415959,3.572502108,-0.166666667,-0.088888889,0.643338549,0,-0.296618357,0.28802589,0,0,0.184489796,0.351619025,1.272734412,-0.729196051,-0.850931677,-0.591133005,-0.247568348,0.046167695,0.158057833,0.080597015,0.485530547,-0.105485232,-0.25,0.258707059,0.052285092,3.629584096,-0.208527493,-0.217187677,0.777777778
Iran,0,0,0,0,0,0,0,0,0,0,0,0,0,1,0,0,1,0,0,0,0,1,0,1,1,0,1,0,0,0,1,1,-0.288624788,1.765079374,0.083333333,0.644444444,0.20676375,-0.333333333,0.182608696,0.330097087,-0.255033557,0,-0.855510204,-0.196002847,-0.604130674,-0.664315938,0.322981366,-0.541871921,-0.183502195,-0.159379287,-0.198668343,-0.013134328,0.688102894,-0.079324895,0,0,0,-0.203733535,0.839934762,0.225221167,0.679738562
Iraq,0,0,0,0,0,1,0,0,0,0,0,0,0,0,0,0,1,0,0,1,0,0,0,1,0,0,1,0,0,0,0,1,-0.006791171,0.601488114,-0.375,0.466666667,-0.104344686,-0.333333333,-0.404830918,-0.142394822,-0.295302013,0,0.306938776,0.031194402,0.039814669,-0.754583921,0.608695652,-0.866995074,0.05414067,-0.169650206,0.526185316,0.785074627,-0.985530547,-0.329113924,-0.5,0.705575234,0,-0.25031602,-0.068732526,0.166213721,-0.137254902
Israel,0,0,1,0,0,1,0,0,0,0,0,1,0,1,0,0,1,0,0,0,0,0,0,0,0,0,0,0,0,0,1,1,-0.156196944,1.141367633,0.666666667,0.666666667,-0.858286196,0,0.790338164,-0.310679612,-0.053691275,0,-0.896326531,1.940517139,0.298963405,-0.215796897,0.341614907,0.068965517,3.19906961,6.62029321,15.65906362,0.180298507,-0.77170418,0.414345992,0.5,14.49872,12.37168634,2.289557639,1.55055918,1.219323023,-0.529411765
Japan,0,1,0,0,1,0,0,1,1,0,0,0,1,0,0,1,0,0,1,0,0,1,0,0,0,0,1,0,1,0,0,1,-0.702886248,16.85152628,0.666666667,-0.244444444,-0.942231315,1.666666667,0.950724638,-0.980582524,-0.281879195,0,-0.759183673,1.564820306,0.016255693,0.313117066,-1.01242236,0.896551724,-0.107253932,-0.0551869,-0.077773196,-0.734328358,-0.850482315,1.746835443,0.75,0,1257.457403,2.523295983,-0.161929171,-0.230513821,0.098039216
Jordan,0,0,0,0,0,1,0,0,0,0,0,1,0,1,0,0,1,0,0,0,0,1,0,1,0,0,1,0,0,0,1,1,-0.217317487,-0.033950427,-0.125,1.333333333,-0.16662655,-0.333333333,-0.025120773,0.142394822,-0.295302013,0,-0.693877551,0.171213379,0.129103188,-0.712270804,0.925465839,-0.886699507,0.665521108,-0.093278464,-0.131356299,0.51880597,-0.348874598,-0.287763713,0,0,0,-0.215692687,0.551607642,0.850494668,-0.176470588
Kazakhstan,0,0,1,0,0,1,0,0,0,0,0,0,0,1,0,0,1,0,0,0,0,1,1,0,0,1,0,0,0,0,1,1,-1.025466893,0.42711709,0.25,-0.133333333,1.389096161,0,-0.114975845,-0.226537217,-0.120805369,0,0.60244898,-0.453682837,0.212580493,-0.138222849,0.02484472,1.290640394,0.764409014,0.067009602,0.084308775,0.239402985,-0.199356913,0.029535865,0,14.27262234,0,0.103407956,0.051258155,0.058566026,-0.516339869
Kuwait,0,0,0,0,1,0,0,0,0,0,1,0,0,1,0,1,0,0,1,0,1,0,0,1,0,0,0,0,0,0,1,1,0.261460102,0.26951251,0.208333333,1.222222222,-0.62408232,-0.333333333,0.06763285,1.330097087,-0.295302013,0,-0.293877551,0.883050646,0.031961677,-0.809590973,1.074534161,-7.566502463,0.73140357,-0.136719822,-0.195474981,-0.197014925,1.762057878,-0.383122363,0,0,0,1.494037286,1.014678472,0.836867851,-0.653594771
Laos,0,1,0,0,0,1,1,0,1,0,0,0,1,0,1,0,0,1,0,0,1,0,0,0,0,0,1,0,0,0,0,1,0.088285229,-0.122151637,-0.625,-0.066666667,0.795282224,0,-0.663768116,1.411003236,0,1,-0.561632653,-0.312359151,1.26488142,0.702397743,-0.950310559,-0.137931034,-0.301874137,-0.053146433,-0.112447574,0.44358209,-0.189710611,-0.264978903,-0.25,0,0,-0.19817508,-0.208527493,-0.321919983,-0.921568627
Lebanon,0,0,0,0,0,1,0,0,0,0,0,0,0,0,0,0,1,0,0,0,1,0,1,0,0,0,1,0,0,0,1,1,-0.346349745,-0.008838523,-0.083333333,1,0.184378385,0.333333333,0.4,0.514563107,-0.255033557,0,-0.135510204,3.476574546,1.641825035,-0.568406206,0.813664596,-0.413793103,-0.249769934,0.070644719,0.171661051,0.041791045,0.392282958,-0.002531646,1.25,0,0,-0.084659991,0.525396086,0.960903351,-0.08496732
Malaysia,0,0,0,0,0,1,0,0,0,0,0,0,1,0,0,0,1,0,0,0,0,1,0,1,0,0,0,0,0,0,1,1,0.264855688,1.040768965,0.208333333,2.222222222,0.150379107,0,0.13236715,0.074433657,0.013422819,0,0.398367347,0.075257977,0.008402701,-0.689703808,-0.310559006,-1.852216749,0.355592836,-0.000703018,0.065073171,-0.070447761,0.750803859,-0.032067511,0.25,0,0,0.400508801,-0.173578751,-0.023034951,-0.673202614
Mongolia,0,0,0,0,0,1,0,0,0,0,0,0,1,0,1,0,0,0,0,0,0,0,0,1,0,0,1,0,0,1,0,1,-1.507640068,-0.136246452,-0.083333333,-0.444444444,1.348477554,0.333333333,-0.475362319,0.388349515,-0.281879195,0,0.669387755,-0.481734077,0.463876237,0.345557123,0,0.266009852,1.228796892,1.758496228,1.986295197,0.354029851,0.048231511,-0.262447257,-0.25,0.382820653,1.190166054,0.404256282,0.217730662,-0.009277788,-0.705882353
Nepal,0,0,0,0,1,0,0,0,0,0,0,1,0,1,0,0,1,0,1,0,0,1,0,1,0,0,1,0,0,0,0,1,-0.910016978,-0.080432093,-0.666666667,0.111111111,0.149536647,-0.333333333,-0.387439614,2.401294498,-0.040268456,0,0.094693878,0.668188827,0.801554892,-0.52045134,-1.02484472,1.18226601,-0.117417921,0.033993484,-0.136762384,0.280597015,-0.009646302,-0.128270042,-0.5,0,0,-0.141477781,-0.060810811,0,-0.150326797
Oman,0,0,0,0,0,1,0,0,0,0,0,0,0,0,0,0,1,0,0,0,1,0,0,0,0,0,0,0,0,0,0,1,0.278438031,0.072780141,0.208333333,0.755555556,0.182873992,-0.333333333,0.296618357,0.462783172,-0.174496644,0,0.225306122,-0.40131657,-0.949662321,-0.699576869,0.397515528,-15.86206897,-0.233386465,-0.122436557,-0.174152376,-0.146268657,1.675241158,-0.4092827,-0.25,0,0,-0.237091707,-0.022134203,0.364325414,-0.307189542
Pakistan,0,0,0,0,0,0,0,0,0,0,0,0,1,0,0,0,0,1,0,0,1,0,0,1,0,0,1,0,0,0,0,1,-0.088285229,0.749032827,-0.833333333,2.933333333,1.12576724,-0.333333333,-0.726570048,0.776699029,-0.214765101,1,0.380408163,1.138773574,-0.132951154,-0.761636107,-0.745341615,-1.60591133,-0.206912393,-0.15468107,-0.191527282,0.607761194,-0.65755627,-0.251476793,0,0,52.81134638,0.030188427,-0.15027959,-0.260262227,0.477124183
Philippines,0,0,0,0,0,1,0,0,0,0,0,0,0,1,0,0,1,0,1,0,1,0,0,1,0,0,1,0,0,0,1,1,0.295415959,1.081008432,-0.166666667,0.088888889,0.809303165,0,-0.343961353,0.977346278,-0.053691275,0,-0.489795918,1.627446329,0.204727501,0.15796897,-0.881987578,-0.581280788,-0.09604419,-0.126834705,-0.178250943,0.334925373,-0.080385852,-0.167932489,0,5.698791601,286.1699218,0.020289874,-0.098904939,-0.140717641,0.078431373
Qatar,0,0,1,0,0,1,0,0,0,0,0,1,0,1,0,1,0,0,1,0,0,1,0,0,0,0,0,0,0,1,0,1,0.383701188,0.406997356,0.375,1.977777778,-0.356601276,-0.333333333,0.525603865,0.828478964,-0.295302013,0,-0.455510204,0.941940458,-0.604130674,-0.585331453,0.900621118,-24.95566502,0.875405642,1.152486283,2.463564496,-0.672835821,3.242765273,-0.487763713,0.25,0,0,0.224773961,0.933131407,0.764225298,-0.830065359
Saudi Arabia,0,0,0,0,1,0,0,0,0,0,0,1,1,0,1,0,0,1,0,0,0,1,0,0,0,0,0,0,0,0,1,1,0.213921902,2.475976627,0.375,2.022222222,0.141954507,-0.333333333,0.032850242,0.838187702,-0.268456376,0,-0.494693878,-0.40084213,-0.399952882,-0.782792666,0.919254658,-7.221674877,0.693628023,0.051978395,0.063529796,0,1.127009646,-0.328270042,0.25,0,160.294602,3.011248323,0.269105312,-0.133145724,0.111111111
Singapore,0,1,0,0,0,1,0,1,0,0,1,0,1,0,0,1,0,1,0,0,0,1,0,0,0,0,1,0,0,0,0,1,0.336162988,1.064241987,0.75,-0.266666667,-0.864785173,1.333333333,0.853140097,0,-0.214765101,0,-1.128163265,46.67139129,-0.407805874,-0.523272214,-0.900621118,0.325123153,0.919701736,0.108496228,0.286345487,-0.748656716,1.699356913,0.429535865,0.5,0,0,-0.239461935,-0.15027959,-0.222057927,-1
South Korea,0,1,0,0,1,0,0,0,0,0,0,0,1,0,0,1,0,0,1,0,0,1,0,1,0,0,0,0,0,0,1,1,-0.679117148,5.349745242,0.666666667,0.044444444,-0.902334818,1.666666667,0.796135266,-0.275080906,-0.255033557,0,-1.867755102,2.644526153,0.024108685,0.558533145,-0.98757764,-0.295566502,-0.01988766,0.190800754,0.022805129,-0.72358209,1.202572347,0.654852321,0.5,32.5010925,339.0619459,2.067497619,-0.021318733,-0.284026919,-0.176470588
Sri Lanka,0,0,0,1,0,0,0,0,0,0,0,0,1,0,0,1,0,0,0,0,1,0,1,0,0,0,1,0,0,0,0,1,0.370118846,0.098524229,0.083333333,0.888888889,-0.233842821,-0.333333333,0.211594203,0.009708738,-0.281879195,0,-0.026122449,1.583501364,0.094785613,-0.231311707,-0.956521739,1.655172414,-0.004311439,0.125600137,-0.112145839,-0.054328358,0.078778135,0.298734177,-0.25,0.001816006,8.236888802,0.196397949,-0.103681267,-0.173335441,-0.483660131
Syria,0,0,1,0,0,1,0,0,0,0,0,1,1,0,1,0,0,0,0,1,0,0,1,0,0,1,0,1,0,0,0,1,-0.25466893,-0.091636708,-0.791666667,1.511111111,0.84432543,-0.333333333,-0.201932367,0.003236246,-0.308724832,0,0.18122449,0.052188353,0.047981781,-0.77574048,0.447204969,-0.778325123,0.27563435,-0.172350823,-0.104292431,0.369552239,-0.073954984,-0.220253165,-0.25,0,0,0.535508839,0.257455732,-0.303410727,3.732026144
Taiwan,0,1,0,1,0,0,1,0,1,0,0,0,1,0,1,0,0,1,0,0,0,1,0,1,0,0,0,0,0,1,0,1,-0.053921902,1.869031331,0.233333333,0.140666667,-0.794259237,1,0.547826087,0.142394822,-0.268456376,0,-1.425306122,3.366919701,0.320009424,-0.187813822,-0.823850932,0.266896552,-0.263951818,-0.149674211,0.258074177,-0.36918806,0.742861736,0.342953586,1,0,0,-0.157111447,-0.15027959,-0.319072693,0.326797386
Tajikistan,0,1,0,1,0,0,0,0,0,0,0,1,1,0,1,0,0,1,0,0,0,1,0,1,0,1,0,0,0,0,1,1,-1.324278438,-0.155964101,-0.375,-0.133333333,1.153869298,-0.333333333,-0.356521739,1.436893204,-0.214765101,1,0.506122449,-0.104969754,0.086304382,-0.34696756,-0.397515528,-0.472906404,0.405675065,-0.1698131,-0.20633744,0.728358209,-0.782958199,-0.355274262,-0.25,0,0,3.130087845,0.022250699,-0.304813812,-0.660130719
Thailand,0,1,0,0,1,0,0,1,0,0,1,0,0,1,0,1,0,0,1,0,0,1,0,0,0,0,1,0,0,0,1,1,0.325976231,1.641007683,0.083333333,0.066666667,-0.758755566,0,0.228019324,-0.029126214,1.020134228,0,-0.509387755,0.312121931,0.086932621,0.361071932,-0.658385093,0.965517241,-0.199041723,-0.096973594,-0.122631129,-0.480597015,0.974276527,0.431223629,0,176.8315111,60.00189572,0.460308879,-0.185228332,-0.286251085,-0.581699346
Turkey,0,0,1,0,0,1,0,0,0,0,0,0,0,1,0,0,1,0,1,0,0,1,0,0,0,0,1,0,0,0,0,1,-0.706281834,2.368671382,0.25,0.977777778,-0.389096161,0.333333333,0.280193237,1.067961165,-0.295302013,0,-1.142857143,0.140493417,0.597377101,-0.52045134,0.714285714,0.482758621,0.855481289,1.061865569,2.069096304,-0.034626866,0.364951768,0.120675105,0.25,0,0,6.953239298,0.60694315,0.664471809,-0.45751634
United Arab Emirates,0,1,0,0,1,0,0,0,0,0,0,0,1,0,1,0,0,0,1,0,1,0,1,0,0,0,0,0,0,0,1,1,0.373514431,1.228553145,0.541666667,2.133333333,0.492778914,0,0.307246377,0.391585761,-0.281879195,0,-0.546938776,0.310402088,-0.27430501,-0.259520451,0.689440994,-22.32512315,8.875051921,-0.091006516,-0.047147096,-0.606567164,3.122186495,-0.51814346,0,0,0.854750292,2.53084639,-0.126980429,0.596505451,-0.843137255
Uzbekistan,0,1,0,1,0,0,0,1,0,0,0,1,1,0,0,1,0,1,0,0,0,1,0,1,0,1,0,0,0,0,1,1,-0.641765705,0.011045313,-0.166666667,-0.044444444,2.939403057,-0.333333333,-0.296618357,0.980582524,-0.187919463,0,0.524081633,-0.050171984,-0.737631538,-0.444287729,-0.248447205,-0.108374384,-0.008757359,-0.151894719,-0.195751572,0.234626866,0.305466238,-0.227848101,-0.25,0.98849234,0.064497526,-0.233834354,0.066985089,-0.278215157,-0.568627451
Vietnam,0,1,0,0,0,1,0,1,0,0,0,1,0,1,0,0,1,0,0,0,0,0,0,1,0,0,0,0,0,0,1,1,0.200339559,0.695380205,-0.25,-0.155555556,0.057227103,0.666666667,0.058937198,0.530744337,0.375838926,0,-0.302040816,1.333531016,0.289225695,0.411847673,-1.149068323,0.246305419,-0.301507206,-0.153155007,-0.205960272,-0.099104478,0.726688103,0.021097046,0,0.000779569,0.008312759,-0.093345467,-0.051724138,-0.324864626,-0.60130719
Yemen,1,0,0,1,0,0,1,0,1,0,0,0,1,0,0,0,1,0,1,0,0,0,1,0,1,1,0,0,1,0,0,1,0.15959253,-0.107397166,-1.208333333,-0.288888889,1.558851847,-0.333333333,-0.837681159,0.278317152,-0.255033557,1,0.313469388,-0.173704187,-0.062274226,-0.802538787,-0.217391304,-0.768472906,-0.028091687,-0.172127915,0.526282625,0.856716418,-1.099678457,-0.371308017,-0.5,0.180625911,0,2.358342501,-0.208527493,-0.322589427,11.77777778
Albania,0,0,1,0,0,1,0,0,0,0,0,0,1,0,0,0,1,1,0,1,0,0,0,1,0,0,1,0,0,0,0,1,-0.685908319,-0.131945979,0.166666667,0.511111111,0.410699242,0.333333333,0.365217391,0.28802589,-0.308724832,0,1.126530612,0.126556755,0.589524109,0.201692525,0.068322981,-0.729064039,0.136351561,0.064891975,0.155141061,-0.445970149,0.593247588,0.582278481,0,0,1.10007015,-0.119227879,0.140959925,0.416395445,0.183006536
Andorra,0,1,0,0,0,1,0,0,0,0,0,0,0,1,1,0,0,1,0,0,1,0,0,0,0,0,0,0,0,0,1,1,-0.943972835,-0.172605028,0.458333333,0.222222222,-0.763148393,1,0.863768116,-0.799352751,-0.147651007,0,-0.675918367,0.47781995,0.95076174,0.74471086,0.310559006,0.354187192,5.774248268,0.031610082,-0.076591401,-0.531343284,0.311832797,0.800160338,1.25,0.001002466,0,-0.25156006,2.151328052,2.408282805,-0.620915033
Austria,0,1,0,0,0,1,0,0,0,0,0,0,0,1,0,0,1,1,0,0,0,1,0,0,0,0,0,0,0,0,1,1,-1.028862479,1.309032079,0.666666667,-0.022222222,-0.546214948,1.666666667,0.652173913,-0.760517799,0.013422819,0,-0.321632653,0.141501601,0.581671117,0.877291961,-0.031055901,0.699507389,8.412260192,1.726877572,1.958711592,-0.627462687,0.297427653,0.994092827,1,0,0,1.074568819,1.573858341,0.811484401,0.019607843
Belarus,1,0,0,1,0,0,0,1,0,0,0,0,1,0,0,1,0,1,0,0,0,0,1,0,1,0,0,0,0,0,1,1,-1.042444822,0.028345503,0.25,-0.377777778,1.246720424,0.333333333,0,0.061488673,0.174496644,0,0.715102041,-0.216759578,0.385346317,0.805359661,0.242236025,3.162561576,-0.240156342,-0.157304527,-0.184059341,-0.467462687,0.490353698,0.666666667,0.5,0.007773873,0,0.116251353,0.373951538,0.317083214,-0.535947712
Belgium,0,1,0,0,0,1,0,0,0,0,0,0,1,0,0,0,1,1,0,0,0,1,0,0,0,0,1,0,0,0,1,1,-0.811544992,1.604121505,0.708333333,-0.466666667,-0.728427007,1.333333333,0.660869565,-0.669902913,-0.040268456,0,-0.078367347,1.744217768,0.259698445,0.753173484,0.093167702,0.42364532,1.827940181,1.705924211,1.853003772,-0.466268657,-0.123794212,0.988185654,1.25,5.058132173,0,1.502712201,1.003028891,1.098662047,0.026143791
Bosnia and Herzegovina,0,1,0,0,0,1,0,0,0,0,0,1,1,0,0,0,1,1,0,1,0,0,0,1,0,0,1,0,0,0,1,1,-0.791171477,-0.115565128,0.083333333,0.511111111,0.56372608,0.666666667,0.252173913,0.799352751,-0.308724832,0,0.767346939,-0.108824576,1.30414638,0.19887165,-0.167701863,0.640394089,0.042582343,-0.160631001,-0.198894644,-0.607761194,0.546623794,0.835443038,0.25,0,1.404590768,0.468952351,0.851584343,0.675146994,1.973856209
Bulgaria,0,0,1,0,0,1,0,1,0,0,0,1,1,0,1,0,0,1,0,0,0,1,0,0,0,1,0,0,0,0,1,1,-0.743633277,0.04671602,0.25,-0.155555556,1.135756409,0.333333333,0.025120773,0.161812298,-0.255033557,0,0.622040816,-0.11006998,1.351264332,0.97461213,0.273291925,1.113300493,0.322147075,0.46204561,0.577167714,-0.607761194,-0.104501608,1.17721519,0.5,3.377008085,12.18310074,0.094745522,0.615913327,0.650066981,1.751633987
Croatia,0,1,0,0,0,1,0,1,0,0,0,0,1,0,1,0,0,1,0,0,0,1,0,1,0,0,0,0,0,0,1,1,-0.719864177,0.020539489,0.375,-0.288888889,0.107293296,1.333333333,0.357487923,-0.197411003,-0.281879195,0,1.064489796,-0.065413355,1.170645516,0.492242595,0.236024845,1.517241379,0.469763418,0.917918381,0.77500528,-0.615522388,-0.020900322,1.144303797,1,1.866251337,0,0.0417525,1.469012116,1.079976775,0.450980392
Cyprus,0,0,1,0,0,1,0,0,0,0,0,0,0,1,0,0,1,1,0,0,0,1,0,0,0,0,0,0,0,0,1,1,-0.20713073,-0.099520507,0.541666667,0.511111111,-0.570345409,1,0.598067633,-0.061488673,-0.241610738,0,-0.574693878,0.269481675,1.178498508,0.715091678,0.074534161,-0.315270936,14.48676627,0.611274005,0.75672517,-0.487164179,0.72829582,0.569620253,1,0,0,-0.223959323,1.55055918,1.006894915,-0.705882353
Denmark,0,0,1,0,0,1,0,1,0,0,0,0,1,0,0,1,0,1,0,0,0,1,0,0,0,0,0,0,0,1,0,1,-0.950764007,0.990469631,0.75,0.355555556,-0.729209291,2.333333333,0.590338164,-0.737864078,-0.147651007,0,-0.409795918,0.365140553,-0.242893042,0.63751763,-0.055900621,0,9.887451253,1.612817215,2.566506412,-0.505671642,-0.173633441,1.069198312,1.25,0,0.457335445,0.615507581,3.07665424,0.447155737,-0.549019608
Estonia,0,1,0,0,1,0,0,1,0,0,0,0,1,0,1,0,0,1,0,0,1,0,1,0,0,0,1,0,0,1,0,1,-1.113752122,-0.077649802,0.541666667,-0.555555556,0.118064749,0.666666667,0.381642512,-1.190938511,0.44295302,0,0.675918367,-0.313485945,0.691613005,0.492242595,0.037267081,2.84729064,1.588829593,1.713263032,1.964972592,-0.502089552,-0.188102894,1.070886076,1,0.009452222,0,-0.072271198,1.107875116,1.245935655,-0.405228758
Finland,0,1,0,0,0,1,0,0,0,0,0,0,1,0,0,1,0,1,0,0,0,1,0,0,0,0,1,0,1,0,0,1,-1.344651952,0.718853227,0.75,-0.244444444,-0.496088579,1,0.687922705,-1.485436893,-0.241610738,0,-0.466938776,-0.386193809,-0.15651013,0.710860367,0.099378882,0.45320197,1.330124889,1.554072359,0.508221272,-0.528358209,-0.461414791,1.252320675,1.25,1.01150766,0,0.319744385,2.331081081,-0.070597327,-0.509803922
France,0,1,0,0,0,1,0,0,0,0,0,0,1,0,0,0,1,0,0,0,0,1,0,0,0,0,0,0,0,0,0,1,-0.73344652,8.937764399,0.583333333,-0.422222222,-0.901973763,1,0.760386473,-1.087378641,-0.067114094,0,-0.633469388,0.231467204,1.013585676,0.929478138,0.062111801,0.561576355,2.018524145,1.539540466,1.801633392,-0.422089552,-0.466237942,1.10464135,1,64.29045189,0,9.062284917,1.597157502,1.018382242,-0.045751634
Germany,0,0,0,0,0,1,0,0,0,0,0,0,1,0,0,0,1,0,0,0,0,1,0,0,0,0,0,0,0,1,0,1,-0.882852292,12.76051378,0.791666667,0.822222222,-0.480262366,2.333333333,0.631884058,-0.718446602,-0.080536913,0,-0.693877551,0.913414779,0.495288205,1.011283498,0.105590062,0.492610837,6.80305382,1.773825446,1.848075434,-0.660895522,-0.011254019,1.203375527,1.5,0,51.69809967,12.76044002,3.321295433,0.359237705,0.490196078
Greece,0,1,0,0,0,1,0,0,0,0,0,0,0,1,0,1,0,0,0,0,0,1,0,0,0,0,0,0,0,0,0,1,-0.41426146,0.52100918,0.541666667,-0.444444444,-0.362618847,1,0.719806763,-0.281553398,-0.214765101,0,-0.74122449,0,1.366970316,0.626234133,0.267080745,0.512315271,1.260518077,1.214446159,1.832913251,-0.654925373,-0.088424437,1.235443038,1,0,0,0.966503935,1.236020503,0.306893656,0.928104575
Hungary,0,0,1,0,0,1,0,0,0,0,0,0,0,1,0,0,1,1,0,0,0,0,0,0,0,0,1,0,0,1,0,1,-0.797962649,0.3634046,0.375,0.044444444,0.254844145,1,0.201932367,-0.087378641,-0.281879195,0,0.67755102,0.141442296,0.699465997,0.791255289,0.360248447,2.137931034,0.704801072,2.430675583,3.676287654,-0.623283582,0.186495177,1.04556962,0.75,0,3.190785341,1.756593045,0.839934762,1.023975732,1.379084967
Iceland,0,1,0,0,0,1,0,0,0,0,0,1,1,0,1,0,0,1,0,0,0,1,0,0,0,0,0,0,0,1,0,1,-1.341256367,-0.102072014,0.791666667,-0.2,-0.709832712,1.666666667,0.792270531,-1.284789644,-0.10738255,0,-0.894693878,-0.473075555,-0.619836658,0.476727786,0.080745342,-0.42364532,1.3986676,0.900240055,1.228588383,-0.311641791,0.072347267,0.665822785,1.25,0,0,-0.222557588,2.261183597,-0.099832314,-0.758169935
Ireland,0,0,1,0,0,0,0,0,0,0,0,0,0,1,0,0,1,0,0,0,1,0,0,0,0,0,1,0,0,1,0,1,-0.82852292,1.121247899,0.833333333,-0.777777778,-0.658863883,1.333333333,0.725603865,-0.980582524,-0.134228188,0,-0.382040816,-0.074842842,0.149756557,1.007052186,0.291925466,0.137931034,1.355479821,0.793038409,0.87022781,-0.222089552,-0.012861736,0.583966245,1.25,19.72011086,0,0.063779421,2.039841566,0.465187167,-0.078431373
Italy,0,0,0,0,0,1,0,0,0,0,0,0,0,1,0,0,1,0,0,0,0,1,0,1,0,0,1,0,0,0,0,1,-0.546689304,6.523396368,0.541666667,-0.377777778,-0.738957757,1.333333333,0.842512077,-0.621359223,0.214765101,0,-0.359183673,0.709702289,0.134050573,0.296191819,-0.043478261,0.985221675,1.634934473,1.585691015,2.14920694,-0.698507463,-0.143086817,1.325738397,1.25,303.3984053,0.907543471,8.643035591,2.214585275,0.751382668,0.535947712
Latvia,0,0,1,0,0,1,0,0,0,0,0,0,1,0,1,0,0,1,0,0,1,0,0,0,0,0,1,0,0,0,1,1,-1.079796265,-0.068824573,0.458333333,-0.377777778,0.686665062,1,0.048309179,-0.466019417,0.187919463,0,0.737959184,-0.309749733,1.178498508,0.991537377,0.186335404,3.753694581,2.194174016,0.884602195,0.815865225,-0.511044776,-0.217041801,1.100421941,0.75,0.948582198,0,-0.05307007,1.037977633,0.826018275,0.150326797
Liechtenstein,0,1,0,0,0,1,0,0,0,0,0,0,1,0,0,1,0,1,0,0,1,0,0,1,1,0,0,0,0,1,0,0,-1.076400679,-0.160110868,0.666666667,0.6,-0.671926225,1.296666667,0.743961353,-0.788252427,-0.075302013,0,-0.575836735,0.911339106,0.229935605,0.75403385,0.057142857,0.278226601,1.960842591,1.332021605,2.11918431,-0.567576119,0.170884244,0.999974684,1.28,0,0,-0.247205561,2.46749767,0.925818409,0.248366013
Lithuania,0,0,1,0,0,1,0,0,0,0,0,0,1,0,0,1,0,1,0,0,1,0,0,1,1,0,1,0,0,0,1,1,-1.039049236,0,0.5,-0.644444444,0.644120833,0.666666667,0.110144928,-0.524271845,-0.161073826,0,1.041632653,-0.228561262,0.424611277,1.055007052,0.354037267,3.615763547,1.929341564,1.672539438,2.359893387,-0.580895522,0,1.085232068,0.75,0,0.7385148,0.162955049,1.003028891,1.314167094,-0.006535948
Luxembourg,0,1,0,0,1,0,0,1,0,0,0,1,1,0,0,0,1,1,0,0,0,1,0,0,0,0,0,0,0,1,0,1,-0.872665535,0.055253843,0.666666667,-0.377777778,-0.647911903,1.666666667,0.720772947,-0.922330097,-0.067114094,0,-0.161632653,0.989918159,0.000549709,1.01551481,0.124223602,-0.512315271,8.084609152,0.93744856,1.092405331,-0.546865672,0.853697749,0.588185654,1.5,0,0,-0.197625187,2.108574091,1.394825746,-0.31372549
Malta,0,1,0,0,0,1,0,0,0,0,0,0,1,0,1,0,0,1,0,0,0,1,0,0,0,0,0,0,0,0,0,1,-0.156196944,-0.132917654,0.583333333,0.355555556,-0.404621495,1,0.747826087,-0.385113269,-0.120805369,0,-0.352653061,8.487723876,0.267551437,0.317348378,0.51552795,-0.472906404,3.380241793,3.668029835,5.362231833,-0.629253731,0.022508039,1.14092827,1,0,0,-0.124854741,0.851584343,0.780301542,-0.117647059
Moldova,0,1,0,0,0,1,0,0,0,0,0,0,1,0,0,1,0,0,1,0,0,1,0,1,0,0,1,0,0,1,0,1,-0.818336163,-0.143046941,-0.041666667,-0.222222222,1.038331929,0,-0.279227053,0.009708738,0.228187919,0,1.118367347,0.065176136,0.283257421,0.802538787,-0.105590062,1.733990148,-0.290737781,0.006824417,-0.124340961,-0.536119403,1.188102894,0.397468354,0.25,0.095055375,2.267975588,-0.165724196,0.175908667,0.682105539,0.535947712
Netherlands,0,1,0,0,0,1,0,0,0,0,0,0,1,0,0,1,0,0,1,0,0,1,0,0,0,0,1,0,0,1,0,1,-0.831918506,2.858251566,0.75,-0.288888889,-0.761764352,2.333333333,0.723671498,-0.718446602,-0.147651007,0,-0.213877551,2.541276242,0.134050573,0.54583921,-0.01242236,-0.019704433,6.206336678,0.114146091,0.086496354,-0.536716418,-0.032154341,1.038818565,1.75,2.172508053,0,1.198491311,1.538909599,1.234752577,-0.529411765
Norway,0,1,0,0,1,0,0,0,0,0,0,0,1,0,0,1,0,0,1,0,0,1,0,0,0,0,1,0,0,1,0,1,-1.358234295,1.168193944,0.833333333,-0.311111111,-0.731917198,1.666666667,0.7352657,-1.245954693,-0.10738255,0,0.070204082,-0.407543589,-0.682660594,0.235543018,0.155279503,-0.699507389,1.589178177,1.5218107,1.804851898,-0.445373134,0.096463023,0.841350211,1.5,0,76.2225618,0.447014479,2.106011184,0.029103503,-0.712418301
Poland,0,0,1,0,0,1,0,0,0,0,0,0,0,1,0,1,0,0,1,0,0,1,0,0,0,0,1,0,0,1,0,1,-0.926994907,1.815378708,0.5,-0.133333333,-0.051871465,0.666666667,0.380676329,-0.126213592,-0.241610738,0,0.470204082,0.24172696,0.338228365,0.84203103,0.155279503,1.428571429,0.434886626,1.231644376,1.556473724,-0.577910448,0.319935691,0.913080169,0.5,0,79.02160998,3.1142492,1.189422181,0.901029317,0.653594771
Portugal,0,1,0,0,0,1,0,0,0,0,0,0,0,1,0,0,1,1,0,0,0,1,0,1,0,0,0,0,0,0,1,1,-0.431239389,0.618254559,0.416666667,0.688888889,-0.650559634,0,0.701449275,-0.919093851,2.899328859,0,-0.455510204,0.171925039,0.487435213,0.887165021,0.01242236,2.374384236,1.714943779,1.609019204,1.953280362,-0.693731343,-0.051446945,1.270886076,1,0.188283663,36.86697929,1.19983664,0.443849021,0.987321928,0.241830065
Romania,0,0,1,0,0,1,0,1,0,0,0,0,1,0,0,0,1,0,0,0,0,1,0,0,0,0,1,0,0,0,0,1,-0.862478778,0.655140737,0.291666667,0.044444444,0.812372127,0.333333333,0.12173913,-0.275080906,-0.10738255,0,0.809795918,0.008065473,0.298963405,0.846262341,0.118012422,1.270935961,0.257457139,1.100017147,2.150011567,-0.555223881,0.149517685,0.969620253,0.5,13.58789542,0.124515128,1.677459826,0.199207829,0.571775518,0.810457516
Russia,0,0,1,0,0,1,0,0,0,0,0,1,1,0,0,1,0,1,0,0,0,1,0,1,0,0,0,0,0,1,0,1,-1.806451613,5.517409689,0.25,-0.133333333,1.175532555,1,-0.21352657,-0.394822006,1.516778523,0,0.109387755,-0.441525323,0.518847181,0.768688293,0.155279503,3.221674877,1.197919648,0.348345336,0.759491074,-0.40119403,0.327974277,0.657383966,0.5,9.697283386,4.220281619,4.969451179,0.432199441,0.211215665,0.594771242
San Marino,0,1,0,0,1,0,0,1,0,0,0,0,1,0,1,0,0,1,0,0,1,0,0,1,0,0,0,0,0,0,1,1,-0.655348048,-0.177749167,0.6325,-0.177777778,-0.72553436,1.526666667,0.983574879,-0.784142395,-0.051543624,0,-0.436326531,2.845510616,0.331867441,0.703244006,0.08863354,-0.049064039,5.781721919,1.458984911,2.648477747,-0.565086567,0.180064309,0.993907173,1.31,0.100331106,0,-0.248172134,3.717381174,1.805771049,-0.300653595
Serbia,0,1,0,0,0,1,0,0,0,0,0,0,1,0,0,1,0,0,1,1,0,0,0,0,0,1,0,0,0,0,1,1,-0.743633277,-0.010570892,0.208333333,0.511111111,1.224395234,1.333333333,0.116908213,0.443365696,-0.255033557,0,0.860408163,-0.020341596,1.484765196,0.424541608,0.055900621,0.866995074,0.782150128,1.489214678,3.04711994,-0.557014925,0.162379421,0.965400844,0.75,0.865450579,0,0.297699943,1.375815471,1.353608541,-0.39869281
Slovenia,0,1,0,0,0,1,0,0,0,0,0,0,1,0,1,0,0,1,0,0,1,0,0,0,0,0,1,0,0,0,0,1,-0.855687606,-0.001519659,0.666666667,-0.177777778,-0.49620893,1.333333333,0.630917874,-0.660194175,-0.295302013,0,1.051428571,0.116949354,0.079079629,0.868829337,-0.02484472,0.078817734,0.774077646,1.468964335,2.173018858,-0.582686567,0,1.087763713,0.75,0,0,0.028910544,1.56220876,1.657561454,0.08496732
Spain,0,1,0,0,0,1,0,0,0,0,0,0,1,0,0,0,1,0,0,0,0,1,0,0,0,0,1,0,0,0,0,1,-0.556876061,4.47789012,0.583333333,0.044444444,-0.821699362,1.666666667,0.847342995,-0.818770227,0.416107383,0,-0.61877551,0.061677144,0.487435213,0.98448519,0.198757764,0.699507389,3.706023319,1.138100137,1.537062107,-0.614328358,0.172025723,1.042194093,1,0,0,4.720596419,1.189422181,0.87995199,-0.013071895
Sweden,0,0,1,0,1,0,0,0,0,0,0,1,0,1,0,1,0,0,1,0,0,1,0,0,0,0,1,1,0,0,0,1,-1.317487267,1.597414927,0.75,-0.422222222,-0.613611746,0.666666667,0.773913043,-1.355987055,-0.228187919,0,-0.564897959,-0.34568853,0.558112141,0.449929478,0,-0.295566502,1.472127187,0.179012346,0.179933618,-0.432238806,-0.406752412,1.088607595,1.25,5.747470544,0,-0.173901783,2.331081081,1.363509453,-0.320261438
Switzerland,1,0,0,0,0,1,0,0,0,0,0,0,1,0,0,1,0,1,0,0,0,1,0,0,0,0,1,0,0,0,1,1,-1.086587436,2.174180624,0.833333333,-0.222222222,-0.819653388,1,0.868599034,-0.990291262,-0.013422819,0,-0.871836735,0.784011387,0.267551437,0.816643159,-0.068322981,0.187192118,1.254316943,1.352254801,2.215990948,-0.592835821,0.242765273,0.973839662,1,18.32399242,58.52756448,0.931302386,1.888397018,0.926150937,-0.14379085
Ukraine,0,0,0,0,0,1,0,1,0,0,0,1,0,0,0,1,0,0,0,0,1,0,0,1,0,0,0,0,0,0,1,1,-0.896434635,0.333225,0.083333333,-0.133333333,1.828739921,1.333333333,-0.263768116,0.203883495,0.697986577,0,0.883265306,-0.037065591,0.298963405,0.363892807,0.217391304,3.458128079,0,-0.081052812,-0.195550415,-0.533134328,0.426045016,0.793248945,0.5,8.760973723,36.57067679,0.04061503,0.350652377,0.512364845,0.509803922
United Kingdom,0,1,0,0,0,1,0,0,0,0,0,0,0,1,0,1,0,0,0,0,1,0,0,0,0,0,1,0,0,0,1,1,-0.886247878,9.306626182,0.708333333,-0.622222222,-0.694487905,2,0.630917874,-0.828478964,-0.067114094,0,-0.695510204,1.135333887,-0.19577509,0.805359661,0.447204969,0.39408867,4.379761847,4.356155693,3.809377923,-0.428059701,-0.146302251,0.945991561,1.25,30.84899467,485.4001239,15.12596809,2.074790308,0.705292289,0.431372549
Bahamas,0,0,0,0,0,1,0,0,0,0,0,0,0,1,0,0,1,0,0,1,0,0,0,1,0,1,0,0,0,0,1,1,0.227504244,-0.137576766,0.208333333,0.466666667,0,-0.333333333,-0.084057971,-0.71197411,2.10738255,0,-0.150204082,-0.265330329,-0.847573425,-0.135401975,0.683229814,0.768472906,0.027423689,-0.127186214,-0.197285391,-0.166567164,0.921221865,0.015189873,1,0.17858864,0.243285143,-0.252686249,0.407385834,0.162963529,0.202614379
Barbados,0,0,1,0,1,0,0,1,0,0,0,0,0,1,0,0,1,1,0,0,1,0,0,1,0,0,1,0,0,1,0,1,0.305602716,-0.16571086,0.208333333,1.488888889,-0.396557949,-0.333333333,0.425120773,-0.148867314,0.697986577,0,0.244897959,3.459494722,-1.020339249,0.557122708,0.155279503,1.832512315,0.251606607,1.596973594,1.065701785,-0.466865672,0.323151125,0.753586498,1,0.1037009,0,-0.219942776,0.370456664,-0.103135164,-0.359477124
Belize,0,0,0,0,0,1,0,0,0,0,0,0,1,0,0,1,0,0,0,1,0,0,0,1,0,0,1,0,0,0,1,1,0.258064516,-0.176878608,-0.166666667,2.311111111,-0.354976531,-0.333333333,-0.016425121,-0.262135922,1.154362416,0,-0.576326531,-0.394259281,-0.746426889,0.067700987,0.217391304,-0.049261084,-0.30249792,0.158118999,-0.144984662,0.288358209,0.115755627,-0.205063291,0,0,0,-0.243202936,0.158783784,0.198703125,0.620915033
Canada,0,1,0,0,0,1,0,0,0,0,0,1,1,0,0,1,0,0,0,0,0,0,0,0,0,0,1,0,0,1,0,1,-1.823429542,5.651541246,0.708333333,0.2,-0.78439042,1.666666667,0.738164251,-1.242718447,0.080536913,0,-1.795918367,-0.469339343,-0.329275954,0.451339915,0.546583851,0.118226601,1.344967248,2.111908436,0.525973347,-0.538507463,0.289389068,0.873417722,1.25,13.01108722,101.1386842,5.843260589,2.703867661,0.244884357,-0.052287582
Costa Rica,0,0,0,0,0,1,0,0,0,0,0,1,1,0,0,1,0,0,0,1,0,0,0,1,0,1,0,0,0,0,1,1,0.224108659,0.024056405,0.208333333,0.533333333,-0.589601637,-0.333333333,0.530434783,-0.715210356,0,0,-0.435918367,0.086822441,-0.933956337,-0.122708039,0.316770186,-0.266009852,0.061497636,-0.050720165,0.006360573,-0.226268657,0.696141479,0.217721519,0.75,0,6.097804755,0.322545215,0.148182665,0.717590944,-0.189542484
Cuba,0,0,0,0,0,0,0,0,0,0,0,0,0,0,0,0,1,0,0,0,0,0,1,0,0,1,0,0,0,0,1,1,0.251273345,0.152147398,0.083333333,0.644444444,-0.270670357,0.666666667,0.387439614,-0.158576052,0.134228188,0,-0.863673469,0.15395564,0.424611277,0.012693935,0.248447205,-0.275862069,0.394322403,-0.082433128,-0.196757355,-0.527164179,0.591639871,0.697046414,0.75,0,0,-0.163810492,-0.033783784,-0.116714524,-0.607843137
Dominican Republic,0,0,0,0,0,1,0,0,0,0,0,0,0,1,0,0,1,1,0,1,0,0,0,1,0,0,1,0,0,0,1,1,0.20713073,0.11506438,0,0.422222222,0.184739439,-0.333333333,-0.068599034,-0.524271845,1.073825503,0,-0.163265306,0.810757917,-0.965368305,0.1325811,0.434782609,-0.049261084,-0.109895836,0.579826818,0.636006035,0.169552239,0.045016077,0,0,2.323677712,0.115641048,0.593732925,-0.173578751,0.106409247,-0.281045752
El Salvador,0,0,0,0,1,0,0,1,0,0,0,1,1,0,0,0,1,0,1,1,0,0,0,1,0,0,0,0,0,0,1,1,0.200339559,-0.092566776,-0.375,0.466666667,-0.413166446,-0.333333333,-0.142028986,-0.080906149,0.281879195,0,-0.715102041,1.343909382,-0.70621957,-0.260930889,0.248447205,2.738916256,-0.064873401,0.228849451,0.170604979,0.11880597,-0.006430868,0.098734177,0.25,0.05386787,0,0.061843154,-0.102516309,-0.142973175,0.986928105
Guatemala,0,0,0,0,1,0,0,0,0,0,0,0,0,1,1,0,0,1,0,0,0,0,0,1,0,0,1,0,0,0,1,1,0.132427844,0.07405049,-0.416666667,0.733333333,-0.481706583,-0.333333333,-0.047342995,0.462783172,0.040268456,0,-0.545306122,0.410864666,-0.724674101,-0.46403385,0.037267081,0.512315271,-0.159101283,-0.097770919,-0.195500126,0.536716418,-0.562700965,-0.2,-0.25,0.026879991,0,-0.120963006,-0.173578751,-0.090208021,1.052287582
Haiti,0,1,0,1,0,0,1,0,0,0,0,1,1,0,0,0,1,1,0,0,1,0,0,1,0,1,0,0,0,0,1,1,0.23089983,-0.135121611,-1.041666667,0,1.171019377,-0.333333333,-1.042512077,0.718446602,2.510067114,1,0.014693878,1.899715336,-1.051751217,-0.424541608,0.130434783,0.285714286,-0.043498937,0.060834619,0.047775207,0.477014925,-0.422829582,-0.189029536,0,0,0,0.158941143,-0.208527493,-0.304938632,0.326797386
Honduras,0,0,0,0,0,1,0,0,0,0,0,0,0,1,0,0,1,0,0,0,0,1,0,1,0,1,0,0,0,0,1,1,0.13582343,-0.099029384,-0.541666667,0.133333333,0.025634854,-0.333333333,0.046376812,-0.022653722,-0.147651007,0,-0.333061224,0.014351797,-0.810428773,-0.279266573,0.049689441,-0.118226601,-0.088255896,-0.166572359,-0.20573397,0.375522388,-0.112540193,-0.208438819,-0.25,0,0,-0.239159746,-0.15027959,0.066739614,0.712418301
Jamaica,0,0,1,0,0,1,0,0,0,0,0,1,0,1,0,0,1,0,0,0,1,0,0,1,0,1,0,0,0,0,1,1,0.234295416,-0.127992828,-0.125,1.022222222,-0.176976772,0,-0.030917874,-0.181229773,0.926174497,0,-0.140408163,1.113272447,-0.839720433,-0.21438646,0.254658385,-0.019704433,-0.213333686,-0.149837106,-0.202942922,-0.08,0.45659164,0.136708861,0.5,99.37947205,967.0088522,-0.251804404,-0.082945014,-0.061133772,0.267973856
Mexico,0,0,0,0,0,0,0,0,0,0,0,1,0,1,0,0,1,0,0,1,0,0,1,0,0,1,0,0,0,0,0,1,-0.033955857,4.075495448,0.083333333,1.511111111,-0.500481406,-0.333333333,0.025120773,0.038834951,0.10738255,0,-0.086530612,-0.108883881,-0.611983666,-0.104372355,0.51552795,-0.049261084,-0.21309518,0.448868313,0.649533819,0.07880597,0.27170418,0.010126582,0.25,0,0,6.872508725,-0.033783784,-0.024552292,5.117647059
Nicaragua,1,0,0,1,0,0,1,0,1,0,0,0,1,0,1,0,0,1,0,1,0,0,1,0,1,1,0,1,0,0,0,1,0.23089983,-0.141195249,-0.416666667,1.044444444,-0.59531833,-0.333333333,-0.029951691,-0.042071197,0.201342282,0,-0.192653061,-0.175186811,-0.831160672,-0.078984485,0.192546584,0.433497537,-0.047888349,-0.16561214,0,0.297313433,-0.003215434,-0.155274262,0,0,15.2053235,0.151171115,-0.196877912,-0.307956575,0.549019608
Panama,0,0,0,0,0,1,0,0,0,0,0,1,0,1,0,0,1,0,0,0,0,0,0,1,0,0,1,0,0,0,0,1,0.264855688,0.040820888,0.25,0.222222222,-0.647490673,-0.333333333,0.35942029,-0.692556634,0.872483221,0,-0.164897959,-0.159886135,-1.161693105,0.315937941,0.130434783,-0.36453202,0.803688978,0.397350823,0.594442042,0.114029851,0.032154341,0.085232068,0.25,5.148125197,0,-0.041156523,-0.103681267,1.079368116,0.058823529
Trinidad and Tobago,0,0,0,0,0,1,0,0,0,0,0,0,0,1,1,0,0,1,0,0,0,0,0,1,0,1,0,0,0,0,0,1,0.288624788,-0.10179813,0.166666667,0.955555556,-0.045011433,-0.333333333,-0.123671498,0.420711974,1.11409396,0,0.068571429,1.112916617,-0.883461599,0.138222849,-0.124223602,0.472906404,-0.059809754,0.003052126,-0.200830777,-0.275223881,0.628617363,0.322362869,0.25,0.013188788,0,-0.229141902,0.051025163,-0.0234229,0.37254902
United States,0,0,1,0,1,0,0,1,0,0,0,0,1,0,0,1,0,0,1,0,0,1,0,1,0,0,0,0,0,0,1,0,-0.879456706,71.57720165,0.708333333,0.911111111,-0.510651101,2.333333333,0.393236715,-0.932038835,0.348993289,0,-0.883265306,-0.282054323,0.267551437,0.582510578,0.968944099,0.236453202,2.124163581,3.09428155,5.954688459,-0.377313433,0.085209003,0.751898734,2,1.740870037,111.9879289,68.17218106,3.146551724,1.243801691,0.026143791
Australia,0,1,0,0,1,0,0,0,0,0,0,0,0,1,0,0,1,0,0,0,0,0,0,1,0,0,1,0,0,0,0,1,0.010186757,4.511423009,0.75,-0.244444444,-0.771211939,2,0.835748792,-1.223300971,-0.214765101,0,-1.007346939,-0.474558178,-0.43136485,0.672778561,0.52173913,-0.078817734,0.476294789,-0.01978738,-0.148253457,-0.333731343,0.014469453,0.72742616,1.75,20.65236657,709.7438098,0.896124839,1.003028891,-0.311466808,1.267973856
Fiji,0,1,0,0,0,1,0,1,0,0,1,0,1,0,0,0,1,1,0,0,0,1,0,1,0,0,0,0,0,1,0,1,0.196943973,-0.164750979,-0.083333333,1.777777778,1.064327837,-0.333333333,-0.710144928,0.838187702,-0.201342282,0,0.53877551,-0.207033567,0.393199309,-0.341325811,0.596273292,-1.004926108,-0.099108064,-0.126354595,-0.205859693,0.263880597,0.059485531,-0.141772152,0,0,0,-0.245921197,0.801724138,-0.315624707,-0.575163399
New Zealand,1,0,0,1,0,0,1,0,1,0,0,0,1,0,1,0,0,1,0,0,0,0,0,1,0,0,1,0,0,1,0,1,-0.743633277,0.510949313,0.708333333,-0.111111111,-0.644782766,1.666666667,0.724637681,-1.459546926,-0.134228188,0,-0.710204082,-0.383465781,-0.541306738,0.689703808,0.633540373,0.561576355,0.290682741,0.087894376,0.109905959,-0.31641791,-0.04340836,0.733333333,1.75,0,3.676770055,-0.092356572,0.630242311,-0.322255599,-0.745098039
Papua New Guinea,0,1,0,0,0,1,0,0,0,0,0,1,0,1,1,0,0,1,0,0,1,0,1,0,0,0,1,0,0,0,1,1,0.25466893,-0.099922326,-0.833333333,2.488888889,1.958960164,0.333333333,-0.994202899,1.72815534,0.67114094,1,0.014693878,-0.381152888,0.053478875,-0.613540197,0.043478261,-1.113300493,0.11137842,-0.172290809,-0.123141815,0.634029851,-0.596463023,-0.319831224,0,0,0,0.031434867,0.812907735,-0.296730102,-0.359477124
Argentina,0,0,0,0,0,1,0,0,0,0,0,0,0,0,0,0,1,0,0,0,0,0,0,1,0,0,1,0,0,0,1,1,-0.455008489,1.309032079,0.333333333,-0.177777778,-0.270309303,0,0.181642512,-0.491909385,0.657718121,0,-0.228571429,-0.397402443,0.008402701,0.551480959,0.47826087,0.78817734,0.095787339,0.813665981,0.425520744,-0.016119403,-0.088424437,0.332489451,0.5,1.601725631,0,2.843611623,0.23415657,1.087879757,0.320261438
Bolivia,0,0,0,0,0,1,0,0,0,0,0,0,0,0,0,0,1,0,0,1,0,0,0,1,0,1,0,0,0,0,1,1,0.003395586,-0.046047662,-0.166666667,0.022222222,-0.190456132,-0.333333333,-0.316908213,-0.077669903,0.10738255,0,-0.584489796,-0.431680702,-0.75443694,-0.184767278,-0.02484472,-0.315270936,-0.081788921,0.150188615,0.109654513,0.343880597,-0.42926045,0.003375527,0,1.286186932,0,0.119350051,-0.08026561,0.206688995,1.516339869
Brazil,0,0,0,0,0,1,0,0,0,0,0,0,0,1,0,1,0,0,0,1,0,0,1,0,0,0,1,0,0,0,0,1,0.234295416,5.986870139,0,0.822222222,-0.34895896,0,0.10531401,-0.55987055,0.496644295,0,0.488163265,-0.345214091,-0.407805874,0.236953456,0.093167702,0.581280788,0.312855831,0.676911866,0.790092029,-0.230447761,0.808681672,0.164556962,0,1362.439359,23.42836027,13.8542102,0.012814539,0.952889364,0.777777778
Chile,0,0,0,0,0,0,0,0,0,0,0,0,0,1,0,0,0,0,0,0,0,1,0,0,0,0,0,0,0,1,0,1,-0.886247878,0.762445983,0.375,0.422222222,-0.649656998,0,0.520772947,-0.514563107,0.402684564,0,-0.29877551,-0.344443127,1.806737867,0.469675599,0.459627329,0.197044335,1.103214756,3.29119513,6.197082223,-0.32119403,0.628617363,0.38649789,0.5,0,538.9816189,4.408863285,-0.045433364,0.850049184,0.37254902
Colombia,0,0,0,0,0,0,0,0,0,0,0,0,0,1,0,0,1,0,0,0,0,0,0,1,0,0,1,0,1,0,0,1,0.203735144,0.903284118,0.041666667,0.155555556,-0.672222891,-0.333333333,0.241545894,-0.495145631,0.134228188,0,-0.504489796,-0.228383347,-1.083163185,0,0.105590062,0.532019704,0.303598713,0.18965192,0.275483027,-0.134328358,0.627009646,0.124050633,0.25,0,0,1.59379329,-0.126980429,0.802789756,0.660130719
Ecuador,0,0,0,0,0,1,0,0,0,0,0,0,0,1,0,0,1,0,0,0,1,0,0,1,0,0,1,0,0,0,1,1,0.0237691,0.17562042,0,-0.266666667,-0.57467806,-0.333333333,0.214492754,-0.721682848,0.187919463,0,-0.646530612,-0.085873562,-0.703942202,-0.217207334,-0.043478261,-0.236453202,-0.168256212,0.045310357,0.018052804,0.169552239,0.033762058,0.005907173,0,5.257263591,0,0.110731541,-0.161929171,0.043156788,1.986928105
Guyana,0,0,1,0,1,0,0,0,0,0,0,0,0,1,0,0,1,0,0,0,0,0,1,0,0,0,1,0,0,0,1,1,0.305602716,-0.165832385,-0.333333333,1.088888889,0.825670959,-0.333333333,-0.471497585,-0.048543689,1.879194631,0,-0.019591837,-0.470347527,-0.74548453,0.162200282,-0.02484472,-0.729064039,0.089009756,-0.063271605,-0.162787025,0.182686567,0.104501608,-0.04978903,0,0.203260252,0.57079568,0.811855605,-0.073858341,0.03543421,0.45751634
Paraguay,0,0,0,0,0,1,0,0,0,0,0,1,1,0,0,0,1,1,0,0,0,0,0,1,0,0,1,0,0,0,1,1,0.139219015,-0.05526932,-0.125,0.644444444,-0.221566976,0,-0.052173913,-0.058252427,0.147651007,0,0.022857143,-0.389989325,-0.698366578,0.259520451,-0.01863354,-0.965517241,0.027171241,-0.065680727,-0.157204928,0.257313433,-0.081993569,-0.057383966,0,0.532403768,1.092456529,-0.164044034,-0.103681267,0.517500986,0.699346405
Peru,0,0,1,0,0,1,0,0,0,0,0,0,0,0,0,0,1,0,0,0,0,0,0,1,0,0,1,0,0,0,1,1,-0.129032258,0.578015092,0.083333333,-0.022222222,-0.90383921,-0.333333333,0.188405797,0.035598706,0.174496644,0,-0.93877551,-0.345629225,-0.949662321,0.090267983,-0.055900621,-0.206896552,-0.088100134,0.115775034,0.199521247,0.022686567,0.263665595,0.091983122,0,1.714730711,3.612329312,0.764923407,-0.115330848,0.614411898,5.281045752
Suriname,0,0,0,0,0,1,0,0,0,0,0,0,1,0,0,0,1,1,0,0,0,0,1,0,0,0,1,0,0,0,0,1,0.285229202,-0.170783139,-0.083333333,1.288888889,0.134552894,0,-0.300483092,-0.126213592,1.020134228,0,-0.086530612,-0.471948761,-0.549945029,-0.057827927,0.360248447,-0.433497537,0.134529565,0.068209877,-0.150893638,0.121791045,0.218649518,-0.023628692,0,0,0,-0.244651235,-0.06721808,0.124840491,0.339869281
Uruguay,0,1,0,0,1,0,0,0,0,0,0,0,0,1,0,1,0,1,0,0,0,0,0,0,0,0,0,0,0,1,0,1,-0.268251273,0.004756644,0.25,0.133333333,-0.452762065,0.333333333,0.301449275,-0.996763754,0.456375839,0,-0.377142857,-0.376942237,0.008402701,0.166431594,0.453416149,1.408866995,0.521170451,2.036299726,2.793863716,-0.263283582,-0.017684887,0.644725738,0.75,0.027137103,0.385082932,0.46655476,0.0361137,1.133445341,-0.065359477
Venezuela,0,0,0,0,0,0,0,0,0,0,0,0,0,1,0,0,1,0,0,0,0,0,1,0,0,0,0,0,0,0,0,1,0.261460102,0.031428996,-0.208333333,0.066666667,-0.187146468,0,-0.263768116,-0.42394822,0.362416107,0,-0.695510204,-0.299727197,-0.438903722,-0.225669958,0.310559006,0,0.149901406,-0.170404664,0.456872014,0.151044776,0.04340836,0.026160338,0.5,0.091892847,31.29561282,1.630672601,-0.126980429,-0.188910293,-0.287581699
