Continent,Iso_alpha,Latitude,Longitude,Country,Total.Vaccinations,MS.Prevalence,School.Closing-C,Workplace.Closing-C,Cancel.Public.Events-C,Restrictions.on.Gatherings-C,Close.Public.Transport-C,Stay.at.Home-C,Restrictions.on.Internal.Movement-C,International.Travel.Controls-C,Income.Support-E,Public.Information.Campaigns-H,Testing.Policy-H,Facial.Coverings-H,Vaccination.Policy-H,Temperature,GDP,Human.Development.Index,Diabetes.Prevalence,Cardiovascular.Diseases,Respiratory.Cancer,Life.Expectancy,Air.Pollution,AIDS.Prevalence,Chronic.Respiratory.Diseases.Rate,Blood.Pressure,Population.Density,Smoking.Prevalence,Alcohol.Consumption,Obesity.Rate,Gender.Ratio,Total.Cases.Per.1m,Total.Deaths.Per.1m,Total.Test,People.Vaccinated,People.Fully.Vaccinated,Age.0.14,Age.15.64,Age.over.65,Total.Cancer,Emergency.Investment.in.Healthcare-H,Investment.in.Vaccines-H,Total.Cases,Total.Deaths,IFR
Africa,DZA,28.03,1.66,Algeria,30,35,1,2,1,4,2,2,2,4,0,2,1,3,0,22.5,1.71E+11,0.75,6.7,278.36,0.01,76.88,7.87,0.04,0,125.92,17.73,18.8,0.95,27.4,49.5,2841.75,68.27,,,,30.55,62.9,6.55,0.02,599469.5,0,124614,2995,2.4
Africa,AGO,-11.2,17.87,Angola,,,3,2,1,4,1,1,2,4,0,2,2,3,0,21.55,88815697793,0.58,4.5,276.04,0.01,61.15,5.82,1.88,0.01,129.62,24.71,,6.94,8.2,50.96,1081.63,24.07,,14.35,2.04,46.62,51.18,2.2,0.02,310880.83,0,35549,792,2.23
Africa,BEN,9.31,2.32,Benin,,,2,1,1,3,0,0,0,2,2,2,2,3,0,27.55,14390709095,0.55,1,235.85,0.01,61.77,7.65,0.98,0.01,126.61,101.85,7.2,2.81,9.6,50.12,639.68,8.24,,0.19,0,42.21,54.53,3.26,0.02,77120.82,0,7755,100,1.29
Africa,BWA,-22.33,24.68,Botswana,,,1,1,1,3,0,1,2,4,1,2,2,3,0,21.5,18340480936,0.74,5.8,237.37,0.01,69.59,5.77,23.03,0.01,130.89,3.98,23.7,6.59,18.9,50.57,23895.39,367.83,,19.59,,33.76,61.87,4.37,0.03,0,0,56193,865,1.54
Africa,BFA,12.24,-1.56,Burkina Faso,,,0,0,0,3,0,0,0,1,0,2,3,3,0,28.25,15990803570,0.45,7.3,269.05,0.01,61.58,8.33,0.68,0.02,126.56,72.19,16,12.03,5.6,50.13,606.9,5.56,,,,44.68,52.91,2.41,0.02,0,0,12686,116,0.91
Africa,BDI,-3.37,29.92,Burundi,,,0,0,0,0,0,0,0,2,0,1,1,1,0,19.8,3012334882,0.43,5.1,293.07,0.01,61.58,7.96,1.29,0.01,129.7,435.18,12.6,7.19,5.4,50.79,409.22,0.42,,,,45.4,52.29,2.31,0.02,1432.29,0,4866,5,0.1
Africa,CMR,7.37,12.35,Cameroon,400,0,1,0,2,3,0,0,1,1,0,2,2,3,0,24.6,39007354359,0.56,6,244.66,0.01,59.29,6.95,3.53,0.01,128.3,53.34,9.3,5.65,11.4,49.95,2872.01,43.32,,1.2,0.11,42.36,54.91,2.72,0.02,283707.87,0,76240,1150,1.51
Africa,CPV,16,-24.01,Cape Verde,,,3,2,2,4,0,1,2,1,1,2,3,3,0,23.3,1982000000,,,182.22,0.01,72.98,7.66,1.24,,,134.93,,,11.8,50.17,55281.77,476.67,270.37,15.05,1.93,,,,0.03,49423.72,116357.08,30736,265,0.86
Africa,TCD,15.45,18.73,Chad,,,2,2,2,3,0,2,2,2,0,2,1,4,0,26.55,11314951343,0.4,6,281,0.01,54.24,9.77,1.55,0.02,130.08,12.29,11.8,1.37,6.1,49.94,278.97,8.17,,,,46.82,50.69,2.49,0.02,200283.91,0,4582,134,2.92
Africa,DJI,11.83,42.59,Djibouti,,1,1,1,2,4,0,0,0,1,1,2,1,3,0,28,3324634256,0.52,5.1,258.04,0.01,67.11,6.49,1.61,0.01,128.34,41.37,,0.43,13.5,49.82,10425.06,152.82,,4.85,1.18,29.2,66.19,4.61,0.02,140.06,0,10300,151,1.47
Africa,EGY,26.82,30.8,Egypt,250171,59,2,2,2,1,0,1,2,1,1,2,2,2,0,22.1,3.03E+11,0.71,17.2,525.43,0.01,71.99,12.12,0.01,0,127.69,98.87,21.4,0.36,32,49.44,2512.14,144.28,,14.09,2.34,33.83,60.89,5.28,0.02,0,0,257078,14765,5.74
Africa,ERI,15.18,39.78,Eritrea,,,2,3,2,4,2,2,2,4,0,2,3,2,0,25.5,1990000000,0.46,5.1,311.11,0.01,66.32,7.53,0.68,0.01,123.05,34.19,7.2,1.44,5,,1237.32,3.95,,,,,,,0.03,0,0,4388,14,0.32
Africa,ETH,9.15,40.49,Ethiopia,794473,0,1,1,1,3,2,0,2,2,0,2,1,3,0,22.2,95912590628,0.48,4.3,182.63,0.01,66.6,7.56,0.91,0.01,127.78,96.72,4.6,2.36,4.5,50.07,2370.7,36.48,23.48,49.49,,40.34,56.15,3.52,0.02,1054.56,0,272544,4196,1.54
Africa,GAB,-0.8,11.61,Gabon,,,1,2,2,3,1,2,2,3,2,2,3,3,0,25.05,16874450215,0.7,6,259.97,0.01,66.47,6.06,3.4,0.01,127.94,8.22,,8.74,15,48.63,10660.78,65.15,,3.48,1.16,37.18,59.28,3.54,0.02,0,0,23728,145,0.61
Africa,GMB,13.44,-15.31,Gambia,,,0,0,2,4,1,0,0,4,0,2,2,3,0,27.5,1826000000,0.5,1.9,331.43,0.01,62.05,9.39,1.63,0.01,131.52,225.31,14.4,3.55,10.3,50.5,2473.25,73.67,26.99,9.07,0.25,44.13,53.31,2.56,0.01,0,0,5977,178,2.98
Africa,GHA,7.95,-1.02,Ghana,120680,1,2,1,2,3,0,0,0,1,0,2,3,4,0,27.2,66983634224,0.61,2.5,298.25,0.01,64.07,7.48,1.62,0.01,124.29,130.82,3.7,2.75,10.9,50.17,2866.19,24.58,27.04,28.76,1.21,37.36,59.54,3.1,0.02,0,0,89061,764,0.86
Africa,GIN,9.95,-9.7,Guinea,106686,,1,2,2,3,0,2,2,1,0,2,2,4,0,25.7,12296665331,0.48,2.4,336.72,0.01,61.6,9.69,1.48,0.02,132.6,50.52,,1.11,7.7,49.86,1595.78,11.48,,38.79,13.51,43.45,53.61,2.94,0.02,2144.75,0,20957,151,0.72
Africa,KEN,-0.02,37.91,Kenya,109911,0,3,1,2,3,1,2,1,1,1,2,1,3,0,24.75,95503088538,0.6,3.1,218.64,0.01,66.7,6.54,5.66,0.01,129.11,90.3,11.8,2.78,7.1,50.3,3191.47,60.04,10.19,36.2,0,39.19,58.38,2.42,0.02,0,0,171610,3228,1.88
Africa,LSO,-29.61,28.23,Lesotho,,,2,1,2,3,1,1,1,4,0,2,1,4,0,11.85,2376328637,0.53,4.5,405.13,0.02,54.33,6.83,23.9,0.01,128.15,69.44,29.7,4.59,16.6,51.45,5058.7,152.18,,4.17,0.01,32.47,62.61,4.93,0.02,0,0,10837,326,3.01
Africa,LBR,6.43,-9.43,Liberia,,,0,2,1,3,1,0,0,1,0,2,1,3,0,25.3,3070518100,0.48,2.4,272.51,0.01,64.1,7.47,1.14,0.01,129.92,50.03,8.4,6.12,9.9,49.55,403.15,13.05,,5.03,,40.75,55.96,3.29,0.02,0,0,2039,66,3.24
Africa,LBY,26.34,17.23,Libya,,15,3,2,2,4,2,2,2,3,0,2,1,3,0,21.8,52091152228,0.72,10.2,341.86,0.02,72.91,8.88,0.03,0,131.35,3.8,,0.02,32.5,49.59,27198.54,456.13,123.62,5.11,,28.07,67.47,4.46,0.04,1439649.72,24500,186889,3134,1.68
Africa,MDG,-18.77,46.87,Madagascar,,,1,0,2,2,0,0,2,4,1,2,1,4,0,22.65,14114631281,0.53,4.5,405.99,0.01,67.04,10.13,0.24,0.01,129.98,45.14,28.9,1.97,5.3,50.13,1496.7,31.01,3.52,0.33,,40.37,56.59,3.04,0.02,0,0,41445,859,2.07
Africa,MWI,-13.25,34.3,Malawi,193006,,3,2,2,3,0,0,0,4,0,2,2,3,0,21.9,7666704427,0.48,4.5,227.35,0.01,64.26,6.78,8.94,0.01,133.64,192.44,12.8,3.63,5.8,50.46,1794.42,60.26,2.91,69.5,,43.47,53.89,2.64,0.02,783933.52,0,34327,1153,3.36
Africa,MLI,17.57,-4,Mali,,,1,1,2,3,0,0,0,1,0,2,1,3,0,28.25,17279566719,0.43,2.4,268.02,0.01,59.31,6.19,1.07,0.02,126.93,15.64,12,1.28,8.6,49.96,669.9,23.59,,1.96,0.43,47.3,50.2,2.5,0.02,0,0,13566,478,3.52
Africa,MRT,21.01,-10.94,Mauritania,,,1,1,2,0,0,0,0,1,0,2,1,3,0,27.65,7600656944,0.55,7.1,232.35,0.01,64.92,8.27,0.04,0.01,129.59,4.27,,0.04,12.7,49.6,4253.22,99.99,4.85,2.62,0.55,39.89,56.95,3.16,0.02,0,0,19776,465,2.35
Africa,MUS,-20.35,57.55,Mauritius,,,0,0,0,0,0,0,0,4,2,2,3,3,0,22.4,14048430519,0.8,22,224.64,0.01,74.99,7.31,0.53,0,128.42,623.3,26.9,4.35,10.8,50.54,856.28,6.29,,44.53,13.89,17.26,70.74,12,0.04,807291.67,0,1089,8,0.73
Africa,MAR,31.79,-7.09,Morocco,10962534,20,1,2,2,3,1,2,2,3,1,2,2,3,0,17.1,1.20E+11,0.69,7,419.15,0.01,76.68,8.92,0.06,0,126.05,80.73,14.7,0.69,26.1,50.47,13946.61,243.42,157.1,1070.75,691.71,26.97,65.73,7.3,0.02,0,0,514777,8985,1.75
Africa,MOZ,-18.67,35.53,Mozambique,,,2,2,2,3,1,1,0,1,0,2,1,3,0,23.8,15291448212,0.46,3.3,329.94,0.01,60.85,5.64,11.98,0.01,132.96,37.51,14.4,2.3,7.2,51.16,2270.92,26.78,17.08,3.32,0.67,44.37,52.75,2.88,0.02,0,0,70978,837,1.18
Africa,NAM,-22.96,18.49,Namibia,60509,2,1,1,1,3,0,1,0,1,0,2,1,3,0,19.95,12366528259,0.65,4.5,243.81,0.01,63.71,6.06,13.7,0.01,127.36,2.97,17.9,5.43,17.2,51.35,22842.56,356.19,163.34,65.87,6.03,36.91,59.49,3.61,0.02,0,4325.11,58041,905,1.56
Africa,NER,17.61,8.08,Niger,,0,1,0,0,0,0,0,0,2,0,2,1,3,0,27.15,12911689659,0.39,2.4,238.34,0.01,62.42,8.93,0.35,0.02,134.72,17.72,8.6,0.67,5.5,49.86,189.37,5.98,,1.4,0.08,49.84,47.56,2.6,0.02,365625,0,4584,145,3.16
Africa,NGA,9.08,8.68,Nigeria,1110632,1,3,1,1,3,0,2,1,2,0,2,1,3,0,26.8,4.48E+11,0.54,3.1,181.01,0.01,54.69,7.21,3,0.02,123.45,215.06,4.8,10.84,8.9,49.33,785.72,9.52,3.35,36.18,0.24,43.69,53.57,2.74,0.03,0,0,161969,1959,1.21
Africa,RWA,-1.94,29.87,Rwanda,274277,,3,2,2,3,0,2,2,2,1,2,3,3,0,17.85,10354417725,0.54,5.1,191.38,0.01,69.02,8.1,2.65,0.01,126.94,498.66,13.3,8.95,5.8,50.96,2078.79,27.69,75.75,57.82,0.38,39.77,57.21,3.03,0.02,0,0,26925,359,1.33
Africa,SEN,14.5,-14.45,Senegal,334225,,2,0,2,2,0,0,0,3,1,2,2,3,0,27.85,23578084052,0.51,2.4,241.22,0.01,67.94,8.99,0.55,0.01,129.54,82.35,9.1,0.76,8.8,50.87,2367.19,67.25,30.54,112.84,1.65,42.84,54.06,3.1,0.02,0,10079.58,39636,1126,2.84
Africa,SYC,-4.68,55.49,Seychelles,41548,,1,0,2,4,0,0,0,3,2,2,2,1,0,27.15,1703387387,0.8,12.3,242.65,0.02,73.4,5.43,0.1,0,129.7,210.35,21.1,20.5,14,50.72,123520.44,427.1,,2668.08,1388.72,23.74,68.46,7.81,0.06,0,0,12147,42,0.35
Africa,SLE,8.46,-11.78,Sierra Leone,7981,,1,0,1,2,1,0,0,1,0,2,2,3,0,26.05,4121733705,0.45,2.4,325.72,0.01,54.7,8.57,1.14,0.02,130.73,105.99,19.8,5.7,8.7,50.48,482.62,7.51,,7.36,0.54,40.72,56.33,2.95,0.02,9635.42,0,3850,60,1.56
Africa,SOM,5.15,46.2,Somalia,377,,1,0,1,0,0,1,0,1,0,2,2,2,0,27.05,4944000000,,5.1,365.77,0.01,57.4,8.48,0.3,0.02,130.76,23.92,,0.01,8.3,50.19,853.13,45.37,,6.31,0.09,46.38,50.73,2.89,0.02,0,0,13559,721,5.32
Africa,SDN,12.86,30.22,Sudan,20715,0,3,2,2,3,0,0,0,3,1,2,1,0,0,26.9,30513456085,0.51,22.1,431.39,0.01,65.31,8.65,0.37,0.01,128.86,22.6,,0.51,8.6,50.02,778.35,58.88,,2.35,0.18,40.16,56.22,3.63,0.01,0,0,34130,2582,7.57
Africa,TGO,8.62,0.82,Togo,,,2,2,2,3,0,1,2,2,1,2,2,3,0,27.15,5490272413,0.52,2.4,280.03,0.01,61.04,7.53,2.22,0.01,127.47,145.05,7.6,2.46,8.4,50.15,1610.63,13.79,39.38,7.92,0.5,41,56.11,2.89,0.02,2581.13,0,13334,114,0.85
Africa,TUN,33.89,9.54,Tunisia,870132,20,2,1,2,4,0,2,0,3,1,2,1,4,0,19.2,38796687568,0.74,8.5,318.99,0.02,76.7,8.68,0.05,0,124.29,74.44,26,2.12,26.9,50.6,29846.99,1091.76,19.95,159.33,59.25,24.23,67.18,8.59,0.03,0,0,352750,12903,3.66
Africa,UGA,1.37,32.29,Uganda,483474,,2,2,2,4,1,2,2,1,0,2,1,4,0,22.8,35165157017,0.54,2.5,213.33,0.01,63.37,5.85,5.57,0.01,127.38,213.06,9.8,15.09,5.3,50.26,1126.93,8.2,16.46,38.55,0.02,46.5,51.54,1.96,0.02,0,13020.83,51547,374,0.73
Africa,ZMB,-13.13,27.85,Zambia,70669,0,2,2,1,4,0,0,0,1,0,2,1,3,0,21.4,23309773923,0.58,4.5,234.5,0.01,63.89,6,10.89,0.01,131.08,23.34,14.7,6.54,8.1,50.38,5390.52,70.48,82.28,13.29,0.24,44.46,53.42,2.12,0.02,135.46,0,99099,1296,1.31
Africa,ZWE,-19.02,29.15,Zimbabwe,1047190,,2,1,2,3,1,2,2,4,1,2,1,3,0,21,21440758800,0.57,1.8,307.85,0.01,61.49,7.67,13.66,0.01,128.15,37.32,13.9,4.67,15.5,51.29,2632.86,107.71,36.69,191.8,60.51,42.16,54.86,2.98,0.03,0,281690.14,39132,1601,4.09
Asia,AFG,33.94,67.71,Afghanistan,2859,,1,0,0,0,0,0,0,1,0,1,3,3,0,12.6,19291104008,0.51,9.2,597.03,0.01,64.83,11.5,0.03,0.01,125.83,56.94,,0.21,5.5,48.47,1875.12,76.48,,9.6,1.85,42.47,54.91,2.62,0.02,36553.52,295039.16,72995,2977,4.08
Asia,AZE,40.14,47.58,Azerbaijan,1592433,,3,2,2,4,2,1,2,4,2,2,2,3,0,11.95,48047647059,0.76,6.1,559.81,0.02,73,8.4,0.05,0,128.25,120.26,19.6,4.41,19.9,50.19,32739.74,483.57,31.08,648.79,378.92,23.44,70.11,6.45,0.03,399739.58,0,331954,4903,1.48
Asia,BHR,25.93,50.64,Bahrain,1356951,,1,2,2,4,0,1,1,3,2,2,3,3,0,27.15,38574069149,0.85,15.6,151.69,0.01,77.29,12.23,0.02,0,123.33,2012.1,25.1,1.09,29.8,37.27,143425.86,635.88,2200.71,4089.15,2468.46,18.72,78.76,2.52,0.03,0,0,244051,1082,0.44
Asia,BGD,23.68,90.36,Bangladesh,4081326,,3,3,2,4,2,2,2,3,0,2,2,4,0,25,3.03E+11,0.63,9.2,298,0.02,72.59,13.83,0.01,0,119.36,1239.58,39.1,0.02,3.6,49.57,4813.03,76.22,35.55,201.18,65.55,27.21,67.61,5.18,0.01,0,0,792654,12551,1.58
Asia,BTN,27.51,90.43,Bhutan,482131,,3,2,2,3,1,1,2,3,1,2,2,4,0,7.4,2530547158,0.65,10.3,217.07,0.01,71.78,9.6,0.18,0.01,127.05,19.78,,0.43,6.4,46.93,2165.61,1.3,885.75,3444.57,,25.34,68.57,6.09,0.01,0,0,1671,1,0.06
Asia,BRN,4.54,114.73,Brunei,39593,,1,1,1,2,0,0,0,4,0,2,3,2,0,26.85,13470000000,0.84,13.3,201.28,0.04,75.86,2.79,0.15,0,122.49,81.4,15.5,0.48,14.1,48.53,235.45,4.57,,154.92,29.24,22.62,72.17,5.21,0.06,0,0,103,2,1.94
Asia,KHM,12.57,104.99,Cambodia,4601148,,3,2,2,2,0,1,0,2,2,2,1,2,0,26.8,27089389787,0.59,6.4,270.89,0.02,69.82,10.55,0.55,0.01,121.05,92.06,21.8,6.64,3.9,51.21,2003.18,15.07,3.53,657.12,377.66,31.1,64.18,4.72,0.02,156250,0,33491,252,0.75
Asia,CHN,35.86,104.2,China,664023000,3,3,2,2,4,2,3,2,3,1,2,3,2,0,6.95,1.43E+13,0.76,9.2,261.9,0.07,76.91,11.89,0.05,0,123.8,147.77,24.7,7.05,6.2,48.47,5.79,0,,,,17.8,70.72,11.47,0.04,0,0,8328,3,0.04
Asia,GEO,42.32,43.36,Georgia,152101,30,3,2,2,4,0,2,2,3,1,2,2,2,0,5.8,17477255546,0.81,5.8,496.22,0.03,73.77,8.32,0.21,0,130.89,65.2,29.7,8.25,21.7,52.25,87224.04,1223.8,96.94,84.53,12.78,20.03,64.91,15.06,0.04,418568.12,0,347952,4882,1.4
Asia,HKG,22.4,114.11,Hong Kong,2547277,1,2,2,2,4,1,1,0,4,1,2,3,2,0,,3.66E+11,0.95,4.5,,,84.86,,,,120.04,7096.19,,,,54.01,1441.1,27.46,,928.69,498.93,12.33,70.18,17.5,,179757.15,0,10804,206,1.91
Asia,IND,20.59,78.96,India,211240282,11,3,2,2,4,2,2,2,3,0,2,2,4,0,23.65,2.87E+12,0.64,10.4,282.28,0.01,69.66,12.52,0.21,0.01,125.8,454.94,27,5.54,3.9,48.18,20822.43,249.52,251.48,639.77,140.91,26.62,67,6.38,0.02,688020.83,339077.29,28735047,344344,1.2
Asia,IDN,-0.79,113.92,Indonesia,16174679,0,2,2,2,4,1,2,2,3,1,2,1,4,0,25.85,1.12E+12,0.72,6.3,342.86,0.02,71.72,7.53,0.23,0,126.96,142.56,37.9,0.57,6.9,49.66,6710.4,184.41,31.56,255.03,145.05,26.22,67.73,6.05,0.02,74479.17,883.96,1835457,50442,2.75
Asia,IRN,32.43,53.69,Iran,204060,90,3,3,2,4,1,2,2,3,1,1,2,3,0,17.25,5.81E+11,0.78,9.6,270.31,0.01,76.68,7.66,0.04,0,120.59,50.22,14,1.03,25.8,49.71,33931.23,883.5,66.48,15.28,3.18,24.65,68.99,6.36,0.03,0,0,2849984,74208,2.6
Asia,IRQ,33.22,43.68,Iraq,9985,12,3,2,2,4,2,2,2,1,1,2,2,4,0,21.4,2.34E+11,0.67,8.8,218.61,0.01,70.6,6.2,0.01,0,127.71,88.53,22.2,0.39,30.4,49.38,30300.58,407.88,196.01,3.3,,38.02,58.58,3.4,0.01,203128.04,0,1218765,16406,1.35
Asia,ISR,31.05,34.85,Israel,10591773,151,2,2,2,3,1,2,2,4,2,2,3,3,0,19.2,3.95E+11,0.92,9.7,93.32,0.02,82.97,5.68,0.19,0,120.34,410.48,25.5,4.21,26.1,50.33,95097,711.13,1910.19,7923.09,6309.8,27.89,59.91,12.21,0.05,4174036.21,209162.41,823116,6155,0.75
Asia,JPN,36.2,138.25,Japan,11565589,4,1,1,1,0,0,1,1,3,2,2,2,1,0,11.15,5.08E+12,0.92,5.6,79.37,0.07,84.63,3.61,0.02,0,121.18,347.13,21.9,7.96,4.3,51.17,5890.46,101,108.04,136.81,51.26,12.57,59.42,28,0.06,0,21259253.89,745005,12774,1.71
Asia,JOR,30.59,36.24,Jordan,154235,,3,2,2,3,1,2,2,3,1,2,2,3,0,18.3,44502895862,0.73,12.7,208.26,0.01,74.53,7.08,0.01,0,121.58,112.14,,0.69,35.5,49.36,72403.48,931.76,529.25,92.38,29.95,33.56,62.54,3.89,0.03,0,0,738743,9507,1.29
Asia,KAZ,48.02,66.92,Kazakhstan,1483693,,2,2,2,4,1,2,2,3,0,2,1,3,0,6.4,1.82E+11,0.82,6.1,466.79,0.02,73.6,5.94,0.14,0,129.52,6.77,24.4,4.76,21,51.57,23677.16,183.17,583.15,279.34,115.72,28.88,63.47,7.65,0.03,4108944.96,0,444579,3439,0.77
Asia,KWT,29.31,47.48,Kuwait,,105,3,1,2,2,1,1,1,2,1,2,3,3,0,25.35,1.35E+11,0.81,12.2,132.24,0.01,75.49,10.75,0.01,0,124.03,232.17,22.1,0,37.9,42.58,71565.04,402.49,565.16,41.71,4.45,21.57,75.67,2.76,0.03,0,0,305623,1719,0.56
Asia,LAO,19.86,102.5,Laos,227218,0,1,2,0,0,0,0,0,2,2,2,2,4,0,22.8,18170000000,0.61,6.4,368.11,0.02,67.92,11,0.23,0.01,122.39,30.6,37.8,10.72,5.3,50.12,266.36,0.41,1.96,139.19,37.47,32.3,63.53,4.16,0.02,0,0,1938,3,0.15
Asia,LBN,33.85,35.86,Lebanon,700152,63,3,2,2,4,2,2,2,2,0,2,2,3,0,16.4,51991634492,0.74,11.2,266.59,0.03,78.93,8.23,0.04,0,125,669.49,42.6,1.71,33.7,49.84,79196.78,1132.85,30.36,283.58,150.46,25.57,67.15,7.27,0.08,0,0,540553,7732,1.43
Asia,MYS,4.21,101.98,Malaysia,2721494,3,3,2,2,4,0,2,2,3,1,2,3,3,0,25.4,3.65E+11,0.81,16.7,260.94,0.02,76.16,6.87,0.24,0,128.27,95.96,21.8,0.85,15.6,48.38,18656.36,98.32,360.32,200.36,108.07,23.69,69.38,6.92,0.04,0,0,603832,3182,0.53
Asia,MNG,46.86,103.85,Mongolia,2737107,,3,2,2,4,0,0,2,4,1,2,2,2,0,-0.7,13996719329,0.74,4.7,460.04,0.03,69.87,7.84,0.02,0,129.93,2.04,27.6,8.19,20.6,50.53,19502.82,93.64,836.27,2252.29,872.14,30.8,65.01,4.19,0.02,110210.23,20121.59,63936,307,0.48
Asia,NPL,28.39,84.12,Nepal,463434,,3,1,2,3,1,2,1,3,1,2,2,4,0,8.1,30641380604,0.6,7.2,260.8,0.01,70.78,14.06,0.2,0,126.41,195.94,31.9,2.05,4.1,51.46,20073.67,267.67,102.5,240.83,27.8,29.57,64.65,5.78,0.01,0,0,584883,7799,1.33
Asia,OMN,21.51,55.92,Oman,65081,16,3,2,2,4,2,2,2,2,2,2,3,4,0,25.6,76331518669,0.81,10.1,266.34,0.01,77.86,8.07,0.1,0,127.21,15.6,9.6,0.78,27,34.16,42490.13,463.7,39.29,58.37,12.93,22.42,75.13,2.45,0.02,0,0,216981,2368,1.09
Asia,PAK,30.38,69.35,Pakistan,1178641,5,3,3,2,4,0,3,0,2,1,2,2,4,0,20.2,2.78E+11,0.56,19.9,423.03,0.01,67.27,9.04,0.07,0.01,128.16,275.29,20,0.34,8.6,48.63,4060.08,92.83,53.72,20.76,6.02,35.05,60.62,4.32,0.03,0,892857.14,896842,20504,2.29
Asia,PHL,12.88,121.77,Philippines,1137401,,3,2,2,4,1,2,1,2,1,2,2,3,0,25.85,3.77E+11,0.72,7.1,370.44,0.02,71.23,9.66,0.19,0,122.83,357.69,24.3,6.86,6.4,49.67,11415.5,191.48,114.15,53.24,11.3,30.48,64.21,5.31,0.03,1640625,4838143.23,1250923,20981,1.68
Asia,QAT,25.35,51.18,Qatar,1989336,98,2,2,2,3,1,1,1,3,2,2,3,2,0,27.15,1.76E+11,0.85,15.6,176.69,0.01,80.23,9.2,0.01,0,123.04,242.1,14,1.59,35.1,24.93,67095.44,191.56,643.65,1545.44,1061.95,13.6,84.88,1.52,0.04,0,0,193306,552,0.29
Asia,SAU,23.89,45.08,Saudi Arabia,13598528,41,3,1,2,3,0,0,0,3,2,2,3,3,0,24.65,7.93E+11,0.85,15.8,259.54,0.01,75.13,9.23,0.03,0,122.8,15.68,16.6,0.19,35.4,42.93,11881.39,206.14,544.57,,,24.87,71.72,3.41,0.04,0,2710027.1,413637,7176,1.73
Asia,SGP,1.35,103.82,Singapore,55206,5,1,2,1,2,0,1,0,3,2,2,2,4,0,26.45,3.72E+11,0.94,5.5,92.24,0.06,83.62,6.64,0.07,0,118.92,7953,16.5,2.03,6.1,50.59,6410.74,2.05,,327.73,196.07,12.33,75.28,12.39,0.05,0,0,37505,12,0.03
Asia,KOR,35.91,127.77,South Korea,9666612,,1,1,2,4,0,1,1,3,1,2,3,3,0,11.5,1.65E+12,0.92,6.9,86,0.07,83.03,5.79,0.04,0,114.39,529.19,22,9.7,4.7,49.96,2597.87,33.51,155.66,423.73,91.26,12.75,72.19,15.06,0.05,9356738.87,5732364.35,133190,1714,1.29
Asia,LKA,7.87,80.77,Sri Lanka,1871114,9,3,0,2,4,0,1,2,2,0,2,2,4,0,26.95,84008783756,0.78,10.7,197.09,0.01,76.98,6.67,0.02,0,125.67,350.28,22.9,4.1,5.2,51.94,9408.57,76.93,164.15,347.68,37.59,23.96,65.2,10.84,0.02,522.81,139257.29,201468,1647,0.82
Asia,SYR,34.8,39,Syria,,40,2,2,2,3,0,0,2,1,0,2,1,0,0,17.75,27300000000,0.57,13.5,376.26,0.01,72.7,6.65,0,0,126.94,92.07,,0.24,27.8,49.47,1405.21,102.11,,0.15,,31.06,64.25,4.69,0.02,0,0,24592,1787,7.27
Asia,TWN,23.7,120.96,Taiwan,398300,5,1,0,0,0,0,0,0,3,1,2,3,2,0,,6.12E+11,,,103.96,0.05,80.46,7.08,0.03,0,117.1,651,,,,,441.55,9.11,22.63,26.6,,,,,0.07,0,0,10516,217,2.06
Asia,TJK,38.86,71.28,Tajikistan,,,1,0,2,3,0,0,0,3,1,2,1,3,0,2,8116626794,0.67,6.1,427.7,0.01,71.1,11.08,0.07,0.01,128.93,65.57,,3.28,14.2,49.78,1318.88,7.24,,3.11,0.13,37.07,59.84,3.09,0.02,0,0,12579,69,0.55
Asia,THA,15.87,100.99,Thailand,2970637,2,1,1,1,2,1,1,1,3,2,2,2,3,0,26.3,5.44E+11,0.78,7,109.86,0.02,77.15,6.55,0.99,0,122.71,135.9,22.8,8.3,10,51.24,2461.02,16.57,58.01,88.07,33.42,16.82,70.77,12.41,0.03,50908020.19,1014424.45,171779,1157,0.67
Asia,TUR,38.96,35.24,Turkey,30021909,70,2,2,2,4,1,2,1,3,2,2,2,4,0,11.1,7.61E+11,0.82,11.1,171.29,0.03,77.69,9.94,0.01,0,118.83,106.96,29.3,2.05,32.1,50.75,60957.74,523.77,632.79,1439.74,905.07,24.29,66.98,8.73,0.04,0,0,5141119,44174,0.86
Asia,ARE,23.42,53.85,United Arab Emirates,11597046,7,1,1,2,4,0,0,1,2,0,2,3,3,0,27,4.21E+11,0.89,16.3,317.84,0.02,77.97,7.85,0.02,0,122.48,135.61,18.2,3.9,31.7,27.6,56775.86,150.91,5003.95,95.03,63.44,14.71,84.13,1.16,0.03,0,14450.87,561536,1493,0.27
Asia,UZB,41.38,64.59,Uzbekistan,78652,,1,0,1,3,0,1,0,3,1,2,1,3,0,12.05,57921286440,0.72,6.5,724.42,0.01,71.72,9.67,0.09,0,129.04,74.81,12.3,2.59,16.6,50.15,2955.46,20.52,,24.01,4.34,28.8,66.61,4.6,0.02,284577.04,1090.43,98917,686,0.69
Asia,VNM,14.06,108.28,Vietnam,663966,,1,2,1,3,1,2,2,4,1,2,3,3,0,24.45,2.62E+11,0.7,6,245.46,0.04,75.4,8.28,0.51,0,123.98,308.13,,8.66,2.1,50.51,85.18,0.54,2.16,22.54,0.28,23.21,69.23,7.55,0.03,224.43,140.54,8292,53,0.64
Asia,YEM,15.55,48.52,Yemen,,0,0,0,0,0,0,2,1,4,0,1,1,1,0,23.85,22580000000,0.47,5.4,495,0.01,66.12,7.5,0.04,0.01,127.75,53.98,20.9,0.05,17.1,49.48,225.17,44.12,,0.41,,39.22,57.87,2.9,0.01,52000.39,0,6715,1315,19.58
Europe,ALB,41.15,20.17,Albania,556133,30,2,2,2,4,0,2,0,1,1,2,2,4,0,11.4,15279183290,0.8,9,304.2,0.03,78.57,7.53,0,0,132.73,104.61,29.2,7.17,21.7,49.52,45693.93,840.86,240.82,276.87,143.89,17.4,68.4,14.2,0.03,0,18598.38,131498,2420,1.84
Europe,AND,42.55,1.6,Andorra,4802,,1,2,2,4,1,0,0,2,2,2,3,3,0,7.6,3154057987,0.87,7.7,109.13,0.05,83.73,4.17,0.12,0,121.69,163.84,33.8,11.02,25.6,,168252.12,1022.44,,238.05,51.73,,,,0.08,288.6,0,13000,79,0.61
Europe,AUT,47.52,14.55,Austria,5529807,153,1,2,2,4,1,2,0,3,2,2,3,3,0,6.35,4.45E+11,0.92,6.6,145.18,0.07,81.54,4.29,0.24,0,123.86,107.13,29.1,11.96,20.1,50.97,70003.23,1111.76,4751.7,2215.41,861.17,14.36,66.56,19.08,0.07,0,0,630477,10013,1.59
Europe,BLR,53.71,27.95,Belarus,,50,0,0,1,4,0,1,0,4,0,1,3,3,0,6.15,63080457023,0.82,5,443.13,0.03,74.79,6.83,0.36,0,130.21,46.72,26.6,11.45,24.5,53.47,39583.38,291.8,35.6,17.7,8.99,17.04,67.76,15.2,0.05,2238.02,0,374036,2758,0.74
Europe,BEL,50.5,4.47,Belgium,7313566,104,1,2,2,4,0,2,0,3,2,2,2,3,0,9.55,5.33E+11,0.93,4.6,114.9,0.06,81.63,4.57,0.2,0,125.35,377.38,25,11.08,22.1,50.69,87672.89,1402.8,1162.84,2190.97,819.13,17.06,63.94,19.01,0.08,1456185.57,0,1016095,16258,1.6
Europe,BIH,43.92,17.68,Bosnia and Herzegovina,,91,1,2,2,3,0,2,0,1,1,2,2,3,0,9.85,20164193807,0.78,9,329.63,0.04,77.4,9.11,0,0,130.53,64.92,38.3,7.15,17.9,50.91,61614.57,2821.55,189.71,13.82,3.09,14.69,68.11,17.2,0.04,0,23746.77,202146,9257,4.58
Europe,BGR,42.73,25.49,Bulgaria,1447603,,2,2,1,3,0,0,0,3,2,2,1,3,0,10.55,68558815112,0.82,6,424.69,0.03,75.05,7.14,0.04,0,129.64,64.71,38.9,12.65,25,51.39,60071.43,2549.94,342.09,740.11,311.73,14.69,64.06,21.25,0.05,972206.79,205974.08,417403,17718,4.24
Europe,HRV,45.1,15.2,Croatia,1226820,144,1,2,1,4,0,0,0,3,1,2,3,3,0,10.9,60752588976,0.85,5.4,253.78,0.06,78.49,6.03,0.02,0,132.35,72.24,36.6,9.23,24.4,51.8,86523.21,1946.04,422.55,1271.84,390.41,14.56,64.58,20.86,0.07,537275.06,0,355201,7989,2.25
Europe,CYP,35.13,33.43,Cyprus,119794,151,2,2,2,4,1,2,0,3,2,2,3,3,0,18.45,24948935408,0.89,9,141.17,0.05,80.98,6.45,0.05,0,122.31,128.71,36.7,10.81,21.8,49.94,82026.58,396.17,8062.68,914.17,383.14,16.71,69.24,14.05,0.07,0,0,71847,347,0.48
Europe,DNK,56.26,9.5,Denmark,3617236,282,2,2,1,4,0,1,0,3,2,2,3,2,0,7.5,3.50E+11,0.94,8.3,114.77,0.09,80.9,4.36,0.12,0,123.32,144.84,18.6,10.26,19.7,50.26,47586.57,343.93,5555.77,2082.37,1102.89,16.4,63.63,19.97,0.08,0,7731.96,275631,1992,0.72
Europe,EST,58.6,25.01,Estonia,751767,113,1,1,1,4,0,0,0,2,0,2,2,2,0,5.1,31471100656,0.89,4.2,255.57,0.04,78.74,2.96,0.56,0,129.97,30.41,30.5,9.23,21.2,53.15,96734.44,905.38,1032.51,2199.53,863.66,16.46,63.54,19.99,0.07,2721.2,0,128322,1201,0.94
Europe,FIN,61.92,25.75,Finland,2385008,218,1,2,2,4,0,1,0,3,2,2,2,1,0,1.7,2.69E+11,0.94,5.6,153.51,0.05,81.91,2.05,0.05,0,122.97,18.15,19.7,10.78,22.2,50.72,15729.91,123.42,891.5,2013.85,284.31,16.02,61.84,22.14,0.08,291202.92,0,87155,684,0.78
Europe,FRA,46.23,2.21,France,38808753,155,1,2,2,4,0,2,2,3,2,2,3,4,0,10.7,2.72E+12,0.9,4.8,86.06,0.05,82.66,3.28,0.18,0,121.95,122.3,34.6,12.33,21.6,50.83,82733.38,1230.54,1266.72,1996.9,798.7,17.8,61.81,20.39,0.07,18508576.91,0,5589819,83141,1.49
Europe,DEU,51.17,10.45,Germany,54216249,303,3,2,2,4,0,2,2,3,2,2,3,2,0,8.5,3.86E+12,0.95,10.4,156.14,0.09,81.33,4.42,0.17,0,121.58,237.29,28,12.91,22.3,50.76,42177.09,972.62,,2270.17,817.17,13.8,64.64,21.56,0.09,0,874035.99,3533763,81490,2.31
Europe,GRC,39.07,21.82,Greece,5079580,124,1,2,2,4,1,1,2,3,2,2,3,4,0,15.4,2.10E+11,0.89,4.7,175.69,0.05,82.24,5.77,0.07,0,121.29,83.27,39.1,10.18,24.9,50.78,38956.43,1161,853.56,1617.71,811.14,13.9,64.16,21.94,0.07,0,0,406045,12101,2.98
Europe,HUN,47.16,19.5,Hungary,8371301,90,2,2,2,4,1,2,0,4,2,2,2,2,0,9.75,1.63E+11,0.85,6.9,278.3,0.05,76.88,6.37,0.02,0,129.98,107.12,30.6,11.35,26.4,52.43,83077.54,3045.15,550.66,3036.32,1544.25,14.43,65.87,19.69,0.06,0,53945.14,802558,29417,3.67
Europe,ISL,64.96,-19.02,Iceland,125634,212,1,2,2,3,0,0,0,3,2,2,3,2,0,1.75,24188038474,0.95,5.8,117.99,0.07,82.99,2.67,0.15,0,120.35,3.5,13.8,9.12,21.9,49.83,13931.12,55.67,928.86,1251.22,570.8,19.65,65.16,15.19,0.08,0,0,4754,19,0.4
Europe,IRL,53.41,-8.24,Ireland,1318590,193,2,3,2,4,1,2,2,2,2,2,2,2,0,9.3,3.89E+11,0.96,3.2,126.46,0.06,82.3,3.61,0.13,0,123.49,70.65,23.6,12.88,25.3,50.4,48696.02,700.15,905.32,1126.18,428.28,21.15,64.63,14.22,0.08,5677222.32,0,240451,3457,1.44
Europe,ITA,41.87,12.57,Italy,37062049,208,3,2,2,4,1,2,2,3,1,2,2,4,0,13.45,2.00E+12,0.89,5,113.15,0.06,83.51,4.72,0.39,0,123.63,202.94,23.4,7.84,19.9,51.26,66305.25,1580.5,1057.64,2050.73,936.93,13.17,63.82,23.01,0.08,87345360.82,15343.42,4008937,95561,2.38
Europe,LVA,56.88,24.6,Latvia,831764,107,2,2,2,4,0,0,0,2,2,2,2,3,0,5.6,34102913582,0.87,5,350.06,0.05,75.29,5.2,0.37,0,130.35,31.04,36.7,12.77,23.6,54.07,70897.48,1266.54,1362.46,1232.98,406.66,16.31,63.36,20.34,0.06,273087.31,0,133727,2389,1.79
Europe,LIE,47.17,9.56,Liechtenstein,22944,,1,2,2,4,0,1,0,2,1,1,3,2,2,5.65,6877000000,0.92,9.4,,,82.49,,,,,236.94,,,,,77038.05,1494.61,1235.28,1754.85,924.99,,,,,0,0,2938,57,1.94
Europe,LTU,55.17,23.88,Lithuania,1731782,104,2,2,2,4,0,1,0,2,1,1,2,3,0,6.2,54627411860,0.88,3.8,342.99,0.04,75.93,5.02,0.11,0,132.21,44.73,27.1,13.22,26.3,53.93,100932.63,1565.94,1218.11,2152.03,1020.72,15.14,64.71,20.16,0.06,0,12485.73,274768,4263,1.55
Europe,LUX,49.82,6.13,Luxembourg,229509,,1,1,1,3,0,2,0,3,2,2,3,2,0,8.65,71104919108,0.92,5,128.28,0.07,82.25,3.79,0.18,0,124.84,250.19,21.7,12.94,22.6,49.74,105895.45,1143.86,4573.11,1294.62,516.64,15.71,70.02,14.27,0.09,0,0,66288,716,1.08
Europe,MLT,35.94,14.38,Malta,532690,91,1,2,2,4,0,0,0,3,2,2,3,4,0,19.2,14989415684,0.9,8.3,168.71,0.05,82.53,5.45,0.14,0,123.67,1514.47,25.1,7.99,28.9,49.78,68084.59,937.65,2008.94,4479.57,2214.75,14.33,64.85,20.82,0.07,0,0,30062,414,1.38
Europe,MDA,47.41,28.37,Moldova,362417,33,1,2,2,4,0,1,1,3,1,2,2,2,0,9.45,11968713370,0.75,5.7,408.5,0.02,71.9,6.67,0.4,0,132.68,94.26,25.3,11.43,18.9,52.02,62042.72,1474.96,8.03,209.14,32.74,15.89,72.1,12.01,0.04,27365.49,38343.62,250278,5950,2.38
Europe,NLD,52.13,5.29,Netherlands,,150,1,2,2,4,0,1,1,3,2,2,2,2,0,9.25,9.07E+11,0.94,5.4,109.36,0.09,82.28,4.42,0.12,0,124.52,511.78,23.4,9.61,20.4,50.24,96046.36,724.89,,334.32,116.59,15.88,64.51,19.61,0.1,625443.3,0,1645742,12421,0.75
Europe,NOR,60.47,8.47,Norway,2915249,,1,1,2,4,0,1,1,3,2,2,2,2,0,1.5,4.03E+11,0.96,5.3,114.32,0.07,82.4,2.79,0.15,0,126.26,14.55,13,7.41,23.1,49.55,21864.37,102.72,1032.7,1976.22,799.98,17.41,65.31,17.27,0.09,0,1288659.79,118532,557,0.47
Europe,POL,51.92,19.15,Poland,14027657,120,2,2,2,4,1,1,1,3,2,2,2,2,0,7.85,5.96E+11,0.88,6.1,227.33,0.04,78.73,6.25,0.05,0,128.71,124.03,26,11.71,23.1,51.71,75512.81,1936.77,403.54,1637.77,701.2,15.19,66.7,18.12,0.05,0,1335982.01,2857903,73300,2.56
Europe,PRT,39.4,-8.22,Portugal,6051706,56,1,2,2,4,1,2,0,3,1,2,3,3,0,15.15,2.39E+11,0.86,9.8,127.84,0.02,82.05,3.8,2.39,0,123.04,112.26,27.9,12.03,20.8,52.67,80822.28,1556.25,1101.25,2077.94,859.01,13.25,64.39,22.36,0.07,54204.98,623293.06,824121,15869,1.93
Europe,ROU,45.94,24.97,Romania,8041611,35,2,2,1,4,0,2,2,3,2,2,2,4,0,8.8,2.50E+11,0.83,6.9,370.95,0.03,76.05,5.79,0.15,0,130.79,84.63,25.5,11.74,22.5,51.55,55254.26,1545.05,306.83,1484.24,937.25,15.57,65.64,18.79,0.05,3911818.94,2105.12,1062964,29723,2.8
Europe,RUS,61.52,105.32,Russia,21756921,55,2,2,2,3,0,1,0,3,1,2,3,2,0,-5.1,1.70E+12,0.82,6.1,431.3,0.05,72.58,5.42,1.36,0,126.5,8.82,28.3,11.19,23.1,53.53,33069.49,817.12,819.44,607.49,384.24,18.15,66.75,15.09,0.05,2791750.72,71350.36,4825978,119249,2.47
Europe,SMR,43.94,12.46,San Marino,18917,337,1,1,1,4,0,0,0,2,1,2,3,3,0,11.85,1616000000,,5.9,,,84.97,,,0,,563.08,,,,,131180.37,1443.79,,1902.94,1135.49,,,,,28884.32,0,4452,49,1.1
Europe,SRB,44.02,21.01,Serbia,2293165,136,1,2,2,4,0,1,1,1,2,2,1,3,0,10.55,51475016532,0.81,9,439.42,0.06,76,8.01,0.04,0,131.1,79.84,40.6,8.75,21.5,51.14,103359.41,983.02,592.82,1938.2,1294.03,15.54,65.72,18.74,0.06,249154.55,0,703319,6689,0.95
Europe,SVN,46.15,15,Slovenia,1173317,152,1,2,2,4,0,0,0,2,2,2,2,4,0,8.9,54174227309,0.92,5.9,153.49,0.06,81.32,4.6,0.01,0,132.27,102.99,22.7,11.9,20.2,50.34,122061.23,2061.14,588.42,1914.58,946.4,15.11,64.71,20.19,0.06,0,0,253757,4285,1.69
Europe,ESP,40.46,-3.75,Spain,20720126,120,1,2,2,4,0,2,2,3,2,2,2,4,0,13.3,1.39E+12,0.9,6.9,99.4,0.07,83.56,4.11,0.54,0,122.04,93.67,27.9,12.72,23.8,50.97,74215.95,1139.48,,1528.66,693.48,14.58,65.78,19.65,0.07,0,0,3469951,53276,1.54
Europe,SWE,60.13,18.64,Sweden,328347,218,2,1,2,3,1,1,1,3,2,2,2,0,0,2.1,5.31E+11,0.94,4.8,133.98,0.04,82.8,2.45,0.06,0,122.37,24.98,28.8,8.93,20.6,49.96,103968.6,1109.97,968.9,409.98,153.75,17.63,62.18,20.2,0.08,1654639.18,0,1050007,11210,1.07
Europe,CHE,46.82,8.23,Switzerland,4932921,180,0,2,2,4,0,1,0,3,2,2,2,3,0,5.5,7.03E+11,0.96,5.7,99.74,0.05,83.78,3.58,0.22,0,120.49,215.47,25.1,11.53,19.5,50.45,77058.51,1035.89,850.18,1778.45,963.49,14.94,66.22,18.84,0.07,5275293.81,989498.61,666912,8965,1.34
Europe,UKR,48.38,31.17,Ukraine,1222081,48,3,2,1,3,2,1,2,2,1,2,3,3,0,8.3,1.54E+11,0.78,6.1,539.85,0.06,72.06,7.27,0.75,0,131.24,77.02,25.5,8.32,24.1,53.77,51598.8,1206.99,166.5,106.64,4.42,15.94,67.36,16.7,0.05,2522196.55,618283.61,2256610,52786,2.34
Europe,GBR,55.38,-3.44,United Kingdom,64071667,196,1,2,2,4,1,1,2,2,2,2,2,3,0,8.45,2.83E+12,0.93,3.9,120.54,0.08,81.32,4.08,0.18,0,121.57,274.71,19.2,11.45,27.8,50.66,63469.37,1411.61,2553.74,5282.2,1597.18,17.7,63.8,18.51,0.08,8881116.46,8206436.61,4308682,95829,2.22
North America,BHS,25.03,-77.4,Bahamas,110,,3,2,2,4,1,2,2,1,1,2,1,3,0,24.85,13580000000,0.81,8.8,235.95,0.01,73.92,4.44,1.8,0,124.91,38.53,10.9,4.78,31.6,51.04,30100.6,562,,52.83,3.73,22.08,70.44,7.48,0.07,51413.88,4113.11,11837,221,1.87
North America,BRB,13.19,-59.54,Barbados,136528,,2,1,1,4,1,2,0,2,1,2,2,2,0,26,5209000000,0.81,13.4,170.05,0.01,79.19,6.18,0.75,0,127.33,666.61,8.7,9.69,23.1,52.12,13727.9,139.2,,2063.89,506.02,17.05,66.72,16.23,0.07,29854.45,0,3945,40,1.01
North America,BLZ,17.19,-88.5,Belize,39620,,3,2,2,4,0,1,2,1,1,2,2,3,0,25.3,1879613600,0.72,17.1,176.96,0.01,74.62,5.83,1.09,0,122.3,16.79,,6.22,24.1,50.21,32299.61,812.34,1.62,385.61,24.53,29.7,65.43,4.87,0.03,0,0,12843,323,2.51
North America,CAN,56.13,-106.35,Canada,25397443,250,1,2,2,3,0,1,2,4,2,2,2,2,0,-5.35,1.74E+12,0.93,7.6,105.6,0.07,82.43,2.8,0.29,0,114.83,4.13,17.5,8.94,29.4,50.38,35141.08,518.73,899.59,2664.51,291.37,15.85,66.51,17.65,0.08,3745761.64,1709905.21,1326300,19579,1.48
North America,CRI,9.75,-83.75,Costa Rica,,,3,2,2,3,0,1,2,1,1,2,1,3,0,24.8,61801385049,0.81,9.1,137.97,0.01,80.28,4.43,0.23,0,123.16,97.91,9.8,4.87,25.7,49.99,64226.09,813.87,200.02,142.02,84.72,21.08,69.04,9.88,0.06,0,103092.78,327175,4146,1.27
North America,CUB,21.52,-77.78,Cuba,370390,15,3,3,2,4,2,2,2,4,0,2,1,3,0,25.2,1.00E+11,0.78,9.6,190.97,0.04,78.8,6.15,0.33,0,120.54,109.23,27.1,5.83,24.6,49.98,12892.38,81.66,381.43,105.03,3.94,16.04,68.39,15.56,0.06,0,0,146027,925,0.63
North America,DOM,18.74,-70.16,Dominican Republic,3526517,3,3,2,2,4,1,2,0,1,1,2,2,3,0,24.55,88941299734,0.76,8.6,266.65,0.01,74.08,5.02,1.03,0,124.83,219.98,9.4,6.68,27.6,50.21,26620.89,299.59,106.6,877.49,335.13,27.71,64.99,7.3,0.03,668963.53,1955.09,288781,3250,1.13
North America,SLV,13.79,-88.9,El Salvador,1310523,,3,1,1,3,0,2,1,1,1,2,3,3,0,24.45,27022640000,0.67,8.8,167.29,0.01,73.32,6.39,0.44,0,121.45,309.88,12.7,3.89,24.6,53.04,11276.72,346.31,131.14,468.11,150.04,26.86,64.67,8.47,0.04,15508.02,0,73143,2246,3.07
North America,GTM,15.78,-90.23,Guatemala,548904,3,3,1,2,4,1,0,0,4,1,2,2,3,0,23.45,76710355347,0.66,10,155.9,0.01,74.3,8.07,0.26,0,122.49,152.55,,2.45,21.2,50.78,14523.29,460.66,79.78,87.14,4.44,33.86,61.21,4.93,0.02,7738.48,0,260193,8253,3.17
North America,HTI,18.97,-72.29,Haiti,,0,1,0,0,3,0,2,0,2,1,2,1,3,0,24.9,14332163266,0.51,6.7,430.55,0.01,64,8.86,2.1,0.01,125.92,403.6,8.3,2.73,22.7,50.55,1311.2,27.01,,,,32.86,62.08,5.06,0.03,0,0,14951,308,2.06
North America,HND,15.2,-86.24,Honduras,56465,5,3,2,2,4,1,2,2,3,1,2,1,3,0,23.5,25095395475,0.63,7.3,240.21,0.01,75.27,6.57,0.12,0,123.79,85.69,,3.76,21.4,50.14,24180.07,640.02,,6.89,0.37,31.16,64.01,4.83,0.02,0,0,239494,6339,2.65
North America,JAM,18.11,-77.3,Jamaica,3784,,2,2,2,3,1,2,2,2,1,2,1,3,0,24.95,16458071068,0.73,11.3,206.54,0.02,74.47,6.08,0.92,0,124.97,270.99,11,4.22,24.7,50.24,16312.19,321.17,50.22,26.41,1.48,23.53,67.55,8.92,0.05,28610354.22,16348773.84,48303,951,1.97
North America,MEX,23.63,-102.55,Mexico,29685564,15,3,3,2,3,1,2,2,1,0,2,1,4,0,21,1.27E+12,0.78,13.5,152.78,0.01,75.05,6.76,0.31,0,125.3,64.91,13.9,5,28.9,50.21,18563,1743.79,50.35,724.74,340.51,26.19,66.4,7.42,0.04,0,0,2393378,224832,9.39
North America,NIC,12.87,-85.21,Nicaragua,,1,0,0,0,0,0,0,0,1,0,1,1,0,0,24.9,12520915291,0.66,11.4,137.02,0.01,74.48,6.51,0.38,0,124.65,53.73,,5.18,23.7,50.7,1125.51,27.03,,8.01,,29.85,64.69,5.46,0.03,0,257069.41,7456,179,2.4
North America,PAN,8.54,-80.78,Panama,881399,9,3,2,2,3,1,2,2,4,1,2,2,4,0,25.4,66800800000,0.82,7.7,128.35,0.01,78.51,4.5,0.88,0,124.82,56.31,6.9,7.98,22.7,49.89,86485.76,1423.71,604.56,664.65,318.6,26.78,64.91,8.31,0.04,1482093.66,0,373166,6143,1.65
North America,TTO,10.69,-61.22,Trinidad and Tobago,98202,,3,2,2,4,1,0,0,4,1,2,1,4,0,25.75,24269714810,0.8,11,228.47,0.01,73.51,7.94,1.06,0,126.25,270.93,,6.72,18.6,50.74,18632.49,397.31,133.9,204.74,2.32,20.26,68.62,11.12,0.04,3796.92,0,26076,556,2.13
North America,USA,37.09,-95.71,United States,285076274,288,2,1,1,4,0,1,1,3,1,2,3,3,2,8.55,2.14E+13,0.93,10.8,151.09,0.09,78.86,3.76,0.49,0,120.42,35.71,25.1,9.87,36.2,50.5,96603.14,1545.48,1324.3,3810.35,2450.37,18.55,65.24,16.21,0.11,501179.04,1893328.4,31975894,511557,1.6
Oceania,AUS,-25.27,133.78,Australia,4786362,104,1,1,2,4,1,2,2,4,1,2,2,4,0,21.65,1.40E+12,0.94,5.6,107.79,0.08,83.44,2.86,0.07,0,119.66,3.25,16.2,10.51,29,50.18,909.53,31.84,426.11,178.1,23.23,19.28,64.8,15.92,0.1,5945609.4,11999312.11,23193,812,3.5
Oceania,FJI,-16.58,179.41,Fiji,28295,,1,2,1,2,0,2,0,3,1,2,3,2,0,24.4,5496250694,0.74,14.7,412.82,0.01,67.44,9.23,0.08,0,129.13,48.36,26.7,3.32,30.2,49.24,653.7,4.46,112.48,53.8,0.32,29.29,65.08,5.62,0.03,0,0,586,4,0.68
Oceania,NZL,-40.9,174.89,New Zealand,668086,72,0,0,0,0,0,0,0,4,1,2,2,2,0,10.55,2.07E+11,0.93,6.2,128.8,0.07,82.29,2.13,0.13,0,121.48,18.61,14.8,10.63,30.8,50.83,245.71,1.04,324.94,303.7,125.9,19.57,64.44,15.99,0.1,0,62161.46,1185,5,0.42
Oceania,PNG,-6.31,143.96,Papua New Guinea,,,1,2,2,3,1,0,0,2,0,2,2,3,0,25.25,24829107011,0.56,17.9,561.49,0.03,64.5,11.98,0.73,0.01,125.92,19,,1.39,21.3,49.13,1816.26,18.34,,0.22,,35.49,61,3.51,0.03,0,0,16250,164,1.01
South America,ARG,-38.42,-63.62,Argentina,12900109,38,3,2,2,4,2,2,2,4,1,2,2,3,0,14.8,4.45E+11,0.84,5.9,191.03,0.02,76.67,5.12,0.72,0,124.43,16.26,21.8,9.65,28.3,51.06,87009.47,1782.2,218.71,1150.24,251.42,24.6,64.16,11.24,0.05,461120.76,0,3932461,80548,2.05
South America,BOL,-16.29,-63.59,Bolivia,1550112,,3,2,2,4,2,2,2,1,1,2,1,3,0,21.55,40895322844,0.72,6.8,204.3,0.01,71.51,6.4,0.31,0,122.25,10.48,,4.43,20.2,49.94,32790.97,1272.41,121.92,376.36,125.8,30.63,62.04,7.34,0.03,370280.33,0,382770,14853,3.88
South America,BRA,-14.24,-51.93,Brazil,58773186,19,3,2,2,4,1,1,2,1,0,2,2,4,0,24.95,1.84E+12,0.76,10.4,177.96,0.02,75.88,4.91,0.6,0,128.82,25.06,16.5,7.42,22.1,50.85,78703.69,2164.43,,990.73,396.41,21.01,69.74,9.25,0.03,392232639.7,396092.51,16729211,460070,2.75
South America,CHL,-35.68,-71.54,Chile,19421363,14,3,3,2,4,1,3,2,3,2,2,3,2,0,8.45,2.82E+11,0.85,8.6,127.99,0.02,80.18,5.05,0.53,0,124,25.19,44.7,9.07,28,50.46,72376.07,1542.2,767.82,4040.03,2546.77,19.49,68.62,11.88,0.05,0,9112314.3,1383556,29481,2.13
South America,COL,4.57,-74.3,Colombia,7693034,7,3,3,2,4,1,2,2,4,1,2,2,1,0,24.5,3.24E+11,0.77,7.4,124.24,0.01,77.29,5.11,0.33,0,122.74,44.76,7.9,5.74,22.3,50.8,69468.26,1787.03,331.98,422.39,191.75,22.62,68.61,8.77,0.04,0,0,3534745,90929,2.57
South America,ECU,-1.83,-78.18,Ecuador,1514205,4,3,2,2,4,1,2,2,2,1,2,2,3,0,21.85,1.07E+11,0.76,5.5,140.45,0.01,77.01,4.41,0.37,0,121.87,68.79,,4.2,19.9,50.02,22729.05,1045.51,74.79,254.03,89.37,27.71,64.92,7.37,0.03,1513513.51,0,401010,18446,4.6
South America,GUY,4.86,-58.93,Guyana,,,2,1,2,4,1,2,2,4,0,2,2,3,0,26,5173759528,0.68,11.6,373.16,0.01,69.91,6.49,1.63,0,125.71,3.96,12.2,6.89,20.2,49.52,22253.89,502.18,,127.38,17.45,27.93,65.36,6.71,0.03,58516.59,9650.18,17504,395,2.26
South America,PRY,-23.44,-58.44,Paraguay,369417,9,3,2,2,3,0,2,0,4,1,2,2,3,0,23.55,38145288940,0.73,9.6,199.13,0.02,74.25,6.46,0.34,0,125.97,17.51,12.8,7.58,20.3,49.28,51914.82,1364.02,181.31,124.57,19.67,29.18,64.2,6.62,0.03,153273.71,18469.66,370284,9729,2.63
South America,PER,-9.19,-75.02,Peru,4239742,8,2,2,2,4,2,2,2,4,1,2,2,3,0,19.6,2.27E+11,0.78,6.6,85.75,0.01,76.74,6.75,0.36,0,120.08,24.99,9.6,6.38,19.7,50.05,57877.62,5581,118.48,336.22,161.54,25.25,66.35,8.39,0.03,493653.79,61071.99,1908332,184016,9.64
South America,SUR,3.92,-56.03,Suriname,33586,,3,2,2,4,0,2,0,4,0,2,2,4,0,25.7,3697371950,0.74,12.5,258.31,0.02,71.68,6.25,0.99,0,125.3,3.69,,5.33,26.4,49.82,27754.94,576.19,,280.74,22.18,26.91,66.07,7.02,0.03,0,0,16282,338,2.08
South America,URY,-32.52,-55.77,Uruguay,2996659,21,1,1,2,4,1,1,0,4,2,2,3,2,0,17.55,56045912953,0.82,7.3,160.71,0.03,77.91,3.56,0.57,0,123.52,19.71,21.8,6.92,27.9,51.69,89813.06,1313.88,450.57,2576.32,1193.31,20.46,64.6,14.94,0.06,7812.5,6510.42,311986,4564,1.46
South America,VEN,6.42,-66.59,Venezuela,,7,3,3,2,4,1,2,2,4,0,2,3,4,0,25.35,63960000000,0.71,7,204.85,0.02,72.06,5.33,0.5,0,121.57,32.73,,4.14,25.6,50.26,8450.27,94.91,,2.42,,27.4,64.98,7.61,0.05,26455.03,529100.53,240291,2698,1.12
